,timestamp,end_time,odo,end_odo,soc,end_soc,duration,delta_odo,delta_soc,event_charge,event_trip,charge_mode_120,charge_mode_240,charge_mode_DCCharging
0,0.0,0.3,0.0,9.859375,70.9,69.4,18.0,9.859375,-1.5,0.0,1.0,0.0,0.0,0.0
1,3.683333333333333,3.8666666666666667,9.859375,16.234375,69.4,68.2,11.0,6.375,-1.2000000000000028,0.0,1.0,0.0,0.0,0.0
2,8.066666666666666,8.283333333333333,22.609375,32.890625,66.6,63.5,13.0,10.28125,-3.0999999999999943,0.0,1.0,0.0,0.0,0.0
3,26.533333333333335,26.783333333333335,32.890625,46.59375,63.5,60.3,15.0,13.703125,-3.200000000000003,0.0,1.0,0.0,0.0,0.0
4,27.5,27.766666666666666,46.59375,60.78125,59.6,56.0,16.0,14.1875,-3.6000000000000014,0.0,1.0,0.0,0.0,0.0
5,29.55,29.8,60.78125,74.375,55.6,52.1,15.0,13.59375,-3.5,0.0,1.0,0.0,0.0,0.0
6,30.05,30.2,74.375,81.546875,51.7,49.8,9.0,7.171875,-1.9000000000000057,0.0,1.0,0.0,0.0,0.0
7,43.03333333333333,43.266666666666666,81.546875,92.015625,47.8,45.0,14.0,10.46875,-2.799999999999997,0.0,1.0,0.0,0.0,0.0
8,47.68333333333333,47.96666666666667,92.015625,105.625,44.3,42.3,17.0,13.609375,-2.0,0.0,1.0,0.0,0.0,0.0
9,53.833333333333336,54.1,105.625,119.796875,41.9,38.8,16.0,14.171875,-3.1000000000000014,0.0,1.0,0.0,0.0,0.0
10,62.8,63.15,119.796875,135.125,38.0,33.7,21.0,15.328125,-4.299999999999997,0.0,1.0,0.0,0.0,0.0
11,63.21666666666667,64.06666666666666,135.125,190.453125,33.7,24.3,51.0,55.328125,-9.400000000000002,0.0,1.0,0.0,0.0,0.0
12,64.1,64.61666666666666,190.453125,190.46875,24.3,59.2,31.0,0.015625,34.900000000000006,1.0,0.0,0.0,0.0,1.0
13,64.61666666666666,65.05,190.46875,210.75,59.2,55.6,26.0,20.28125,-3.6000000000000014,0.0,1.0,0.0,0.0,0.0
14,67.45,67.88333333333334,210.75,222.03125,51.7,49.8,26.0,11.28125,-1.9000000000000057,0.0,1.0,0.0,0.0,0.0
15,70.41666666666667,72.21666666666667,226.0,315.25,49.0,26.6,108.0,89.25,-22.4,0.0,1.0,0.0,0.0,0.0
16,72.21666666666667,72.41666666666667,315.25,323.546875,26.6,25.8,12.0,8.296875,-0.8000000000000007,0.0,1.0,0.0,0.0,0.0
17,72.41666666666667,72.6,323.546875,323.578125,25.8,25.4,11.0,0.03125,-0.40000000000000213,0.0,1.0,0.0,0.0,0.0
18,72.6,76.5,323.578125,402.53125,25.4,12.1,234.0,78.953125,-13.299999999999999,0.0,1.0,0.0,0.0,0.0
19,76.51666666666667,76.65,402.53125,406.453125,12.1,11.3,8.0,3.921875,-0.7999999999999989,0.0,1.0,0.0,0.0,0.0
20,76.9,76.9,406.453125,406.484375,10.9,10.9,0.0,0.03125,0.0,0.0,1.0,0.0,0.0,0.0
21,76.91666666666667,78.0,406.484375,406.484375,10.9,20.0,65.0,0.0,9.1,1.0,0.0,0.0,1.0,0.0
22,78.0,78.13333333333334,406.484375,410.875,20.0,18.8,8.0,4.390625,-1.1999999999999993,0.0,1.0,0.0,0.0,0.0
23,96.2,96.51666666666667,410.875,424.578125,20.3,18.4,19.0,13.703125,-1.9000000000000021,0.0,1.0,0.0,0.0,0.0
24,96.51666666666667,99.23333333333333,424.578125,424.578125,18.4,34.9,163.0,0.0,16.5,1.0,0.0,0.0,1.0,0.0
25,99.23333333333333,99.28333333333333,424.578125,424.765625,34.9,34.9,3.0,0.1875,0.0,0.0,1.0,0.0,0.0,0.0
26,102.11666666666666,102.4,424.765625,438.890625,35.2,32.1,17.0,14.125,-3.1000000000000014,0.0,1.0,0.0,0.0,0.0
27,116.73333333333333,117.25,438.890625,445.0,30.5,29.8,31.0,6.109375,-0.6999999999999993,0.0,1.0,0.0,0.0,0.0
28,117.25,117.45,445.0,450.921875,29.8,28.6,12.0,5.921875,-1.1999999999999993,0.0,1.0,0.0,0.0,0.0
29,117.73333333333333,118.0,450.921875,461.0625,28.2,27.0,16.0,10.140625,-1.1999999999999993,0.0,1.0,0.0,0.0,0.0
30,119.65,119.8,461.0625,466.546875,26.6,25.8,9.0,5.484375,-0.8000000000000007,0.0,1.0,0.0,0.0,0.0
31,119.95,120.18333333333334,466.546875,477.625,25.8,24.3,14.0,11.078125,-1.5,0.0,1.0,0.0,0.0,0.0
32,120.2,125.4,477.625,477.625,24.3,41.1,312.0,0.0,16.8,1.0,0.0,0.0,1.0,0.0
33,125.4,125.43333333333334,477.625,477.8125,41.1,41.1,2.0,0.1875,0.0,0.0,1.0,0.0,0.0,0.0
34,125.9,126.05,477.8125,486.0,41.1,39.6,9.0,8.1875,-1.5,0.0,1.0,0.0,0.0,0.0
35,126.33333333333333,126.51666666666667,486.0,492.078125,39.2,38.4,11.0,6.078125,-0.8000000000000043,0.0,1.0,0.0,0.0,0.0
36,140.96666666666667,141.51666666666668,492.078125,513.359375,36.8,34.1,33.0,21.28125,-2.6999999999999957,0.0,1.0,0.0,0.0,0.0
37,141.51666666666668,142.21666666666667,513.359375,513.390625,34.1,33.3,42.0,0.03125,-0.8000000000000043,0.0,1.0,0.0,0.0,0.0
38,142.21666666666667,142.28333333333333,513.390625,515.53125,33.3,33.7,4.0,2.140625,0.4000000000000057,0.0,1.0,0.0,0.0,0.0
39,142.86666666666667,142.96666666666667,515.53125,517.9375,33.7,33.3,6.0,2.40625,-0.4000000000000057,0.0,1.0,0.0,0.0,0.0
40,162.88333333333333,163.16666666666666,517.9375,529.25,32.1,30.1,17.0,11.3125,-2.0,0.0,1.0,0.0,0.0,0.0
41,163.23333333333332,163.85,529.25,553.28125,30.1,26.2,37.0,24.03125,-3.900000000000002,0.0,1.0,0.0,0.0,0.0
42,167.86666666666667,168.13333333333333,553.28125,561.609375,25.8,24.3,16.0,8.328125,-1.5,0.0,1.0,0.0,0.0,0.0
43,168.76666666666668,168.88333333333333,568.265625,571.71875,23.5,23.1,7.0,3.453125,-0.3999999999999986,0.0,1.0,0.0,0.0,0.0
44,169.26666666666668,169.4,571.71875,575.625,23.1,22.7,8.0,3.90625,-0.40000000000000213,0.0,1.0,0.0,0.0,0.0
45,169.7,170.05,575.625,590.921875,22.3,19.2,21.0,15.296875,-3.1000000000000014,0.0,1.0,0.0,0.0,0.0
46,171.06666666666666,171.3,590.921875,598.703125,19.2,17.6,14.0,7.78125,-1.5999999999999979,0.0,1.0,0.0,0.0,0.0
47,171.43333333333334,171.68333333333334,598.703125,607.765625,17.6,16.0,15.0,9.0625,-1.6000000000000014,0.0,1.0,0.0,0.0,0.0
48,188.01666666666668,188.46666666666667,607.765625,622.0,15.6,13.3,27.0,14.234375,-2.299999999999999,0.0,1.0,0.0,0.0,0.0
49,188.66666666666666,189.05,622.0,638.015625,12.9,10.5,23.0,16.015625,-2.4000000000000004,0.0,1.0,0.0,0.0,0.0
50,189.08333333333334,191.1,638.015625,638.015625,10.5,12.5,121.0,0.0,2.0,1.0,0.0,1.0,0.0,0.0
51,191.1,191.46666666666667,638.015625,653.453125,12.5,10.1,22.0,15.4375,-2.4000000000000004,0.0,1.0,0.0,0.0,0.0
52,191.7,192.08333333333334,653.453125,669.203125,9.8,7.4,23.0,15.75,-2.4000000000000004,0.0,1.0,0.0,0.0,0.0
53,192.45,192.76666666666668,669.203125,680.265625,7.0,5.4,19.0,11.0625,-1.5999999999999996,0.0,1.0,0.0,0.0,0.0
54,192.78333333333333,195.05,680.265625,680.265625,5.4,22.3,136.0,0.0,16.9,1.0,0.0,0.0,1.0,0.0
55,195.16666666666666,195.46666666666667,681.21875,681.21875,22.3,24.3,18.0,0.0,2.0,1.0,0.0,0.0,1.0,0.0
56,195.46666666666667,195.53333333333333,681.21875,682.0625,24.3,24.7,4.0,0.84375,0.3999999999999986,0.0,1.0,0.0,0.0,0.0
57,195.53333333333333,198.56666666666666,682.0625,682.0625,24.7,51.3,182.0,0.0,26.599999999999998,1.0,0.0,0.0,1.0,0.0
58,198.56666666666666,198.6,682.0625,682.328125,51.3,51.3,2.0,0.265625,0.0,0.0,1.0,0.0,0.0,0.0
59,199.01666666666668,199.23333333333332,682.34375,693.96875,51.3,48.6,13.0,11.625,-2.6999999999999957,0.0,1.0,0.0,0.0,0.0
60,211.68333333333334,211.98333333333332,693.96875,704.171875,48.6,47.0,18.0,10.203125,-1.6000000000000014,0.0,1.0,0.0,0.0,0.0
61,211.98333333333332,212.61666666666667,704.171875,704.171875,47.0,50.5,38.0,0.0,3.5,1.0,0.0,0.0,1.0,0.0
62,212.71666666666667,213.01666666666668,706.609375,706.609375,50.5,52.5,18.0,0.0,2.0,1.0,0.0,0.0,1.0,0.0
63,213.01666666666668,213.31666666666666,706.609375,715.40625,52.5,50.5,18.0,8.796875,-2.0,0.0,1.0,0.0,0.0,0.0
64,213.55,215.0,715.40625,779.4375,50.5,39.6,87.0,64.03125,-10.899999999999999,0.0,1.0,0.0,0.0,0.0
65,215.0,216.13333333333333,779.4375,779.484375,39.6,38.8,68.0,0.046875,-0.8000000000000043,0.0,1.0,0.0,0.0,0.0
66,216.13333333333333,216.38333333333333,779.484375,790.546875,38.8,36.8,15.0,11.0625,-2.0,0.0,1.0,0.0,0.0,0.0
67,216.4,216.41666666666666,790.546875,790.765625,36.8,36.8,1.0,0.21875,0.0,0.0,1.0,0.0,0.0,0.0
68,216.41666666666666,217.81666666666666,790.765625,790.765625,36.8,48.6,84.0,0.0,11.800000000000004,1.0,0.0,0.0,1.0,0.0
69,217.81666666666666,218.1,790.765625,798.90625,48.6,47.0,17.0,8.140625,-1.6000000000000014,0.0,1.0,0.0,0.0,0.0
70,218.11666666666667,218.65,798.90625,804.4375,47.0,45.8,32.0,5.53125,-1.2000000000000028,0.0,1.0,0.0,0.0,0.0
71,219.08333333333334,219.26666666666668,804.4375,813.921875,45.0,43.9,11.0,9.484375,-1.1000000000000014,0.0,1.0,0.0,0.0,0.0
72,219.26666666666668,221.8,813.921875,813.921875,43.9,65.8,152.0,0.0,21.9,1.0,0.0,0.0,1.0,0.0
73,221.8,222.03333333333333,813.921875,825.5625,65.8,63.1,14.0,11.640625,-2.6999999999999957,0.0,1.0,0.0,0.0,0.0
74,240.6,240.8,825.5625,831.859375,63.9,63.1,12.0,6.296875,-0.7999999999999972,0.0,1.0,0.0,0.0,0.0
75,240.86666666666667,241.11666666666667,831.859375,838.734375,63.1,61.9,15.0,6.875,-1.2000000000000028,0.0,1.0,0.0,0.0,0.0
76,241.98333333333332,242.35,838.734375,852.0625,61.1,59.2,22.0,13.328125,-1.8999999999999986,0.0,1.0,0.0,0.0,0.0
77,264.18333333333334,264.53333333333336,852.0625,863.15625,58.8,57.6,21.0,11.09375,-1.1999999999999957,0.0,1.0,0.0,0.0,0.0
78,264.55,267.3833333333333,863.15625,863.15625,57.6,82.7,170.0,0.0,25.1,1.0,0.0,0.0,1.0,0.0
79,267.3833333333333,267.4166666666667,863.15625,863.3125,82.7,82.7,2.0,0.15625,0.0,0.0,1.0,0.0,0.0,0.0
80,269.0,269.03333333333336,863.3125,863.75,82.3,82.3,2.0,0.4375,0.0,0.0,1.0,0.0,0.0,0.0
81,270.1333333333333,270.3,863.75,871.921875,81.9,80.3,10.0,8.171875,-1.6000000000000085,0.0,1.0,0.0,0.0,0.0
82,270.53333333333336,270.76666666666665,871.921875,880.65625,80.0,78.0,14.0,8.734375,-2.0,0.0,1.0,0.0,0.0,0.0
83,281.8833333333333,282.1166666666667,880.65625,891.75,78.0,76.8,14.0,11.09375,-1.2000000000000028,0.0,1.0,0.0,0.0,0.0
84,282.1333333333333,284.2,891.75,891.75,76.8,93.7,124.0,0.0,16.900000000000006,1.0,0.0,0.0,1.0,0.0
85,284.2,284.25,891.75,891.9375,93.7,93.7,3.0,0.1875,0.0,0.0,1.0,0.0,0.0,0.0
86,288.26666666666665,288.56666666666666,891.9375,903.71875,93.3,90.9,18.0,11.78125,-2.3999999999999915,0.0,1.0,0.0,0.0,0.0
87,291.93333333333334,292.0,903.734375,905.984375,90.5,90.5,4.0,2.25,0.0,0.0,1.0,0.0,0.0,0.0
88,292.0833333333333,292.15,905.984375,907.9375,90.5,89.8,4.0,1.953125,-0.7000000000000028,0.0,1.0,0.0,0.0,0.0
89,304.1333333333333,304.21666666666664,907.9375,910.09375,89.8,88.6,5.0,2.15625,-1.2000000000000028,0.0,1.0,0.0,0.0,0.0
90,304.35,304.4166666666667,910.09375,912.265625,88.6,88.6,4.0,2.171875,0.0,0.0,1.0,0.0,0.0,0.0
91,313.28333333333336,313.48333333333335,912.28125,919.203125,87.8,87.0,12.0,6.921875,-0.7999999999999972,0.0,1.0,0.0,0.0,0.0
92,313.65,313.8666666666667,919.203125,925.765625,86.6,85.0,13.0,6.5625,-1.5999999999999943,0.0,1.0,0.0,0.0,0.0
93,331.3833333333333,331.4,925.765625,926.3125,84.7,84.7,1.0,0.546875,0.0,0.0,1.0,0.0,0.0,0.0
94,331.4166666666667,332.76666666666665,926.3125,926.3125,84.7,86.2,81.0,0.0,1.5,1.0,0.0,1.0,0.0,0.0
95,332.93333333333334,335.1,929.265625,984.984375,86.2,76.4,130.0,55.71875,-9.799999999999997,0.0,1.0,0.0,0.0,0.0
96,335.1166666666667,335.21666666666664,984.984375,987.515625,76.4,76.0,6.0,2.53125,-0.4000000000000057,0.0,1.0,0.0,0.0,0.0
97,335.81666666666666,338.03333333333336,987.515625,1105.734375,76.0,52.5,133.0,118.21875,-23.5,0.0,1.0,0.0,0.0,0.0
98,338.15,338.71666666666664,1105.734375,1147.453125,52.1,41.9,34.0,41.71875,-10.200000000000003,0.0,1.0,0.0,0.0,0.0
99,339.01666666666665,339.9,1147.453125,1221.578125,41.9,24.3,53.0,74.125,-17.599999999999998,0.0,1.0,0.0,0.0,0.0
100,339.95,339.98333333333335,1221.578125,1222.046875,24.3,24.3,2.0,0.46875,0.0,0.0,1.0,0.0,0.0,0.0
101,340.0,341.5833333333333,1222.046875,1222.046875,24.3,38.4,95.0,0.0,14.099999999999998,1.0,0.0,0.0,1.0,0.0
102,341.5833333333333,342.96666666666664,1222.046875,1275.84375,38.4,29.8,83.0,53.796875,-8.599999999999998,0.0,1.0,0.0,0.0,0.0
103,343.01666666666665,359.3,1275.84375,1275.84375,29.8,49.8,977.0,0.0,19.999999999999996,1.0,0.0,1.0,0.0,0.0
104,359.3,362.3833333333333,1275.84375,1379.703125,49.8,30.5,185.0,103.859375,-19.299999999999997,0.0,1.0,0.0,0.0,0.0
105,362.48333333333335,363.03333333333336,1379.703125,1397.90625,30.9,27.4,33.0,18.203125,-3.5,0.0,1.0,0.0,0.0,0.0
106,362.4,362.48333333333335,1379.703125,1379.703125,30.5,30.9,5.0,0.0,0.3999999999999986,1.0,0.0,0.0,1.0,0.0
107,363.1,363.68333333333334,1397.90625,1416.8125,27.4,25.0,35.0,18.90625,-2.3999999999999986,0.0,1.0,0.0,0.0,0.0
108,363.7,365.8,1416.8125,1416.8125,25.0,43.5,126.0,0.0,18.5,1.0,0.0,0.0,1.0,0.0
109,365.95,368.8333333333333,1418.984375,1549.546875,43.5,16.8,173.0,130.5625,-26.7,0.0,1.0,0.0,0.0,0.0
110,368.85,378.25,1549.546875,1549.546875,16.8,28.2,564.0,0.0,11.399999999999999,1.0,0.0,1.0,0.0,0.0
111,378.25,379.4166666666667,1549.546875,1600.03125,28.2,19.6,70.0,50.484375,-8.599999999999998,0.0,1.0,0.0,0.0,0.0
112,379.43333333333334,381.46666666666664,1600.03125,1600.03125,19.6,37.6,122.0,0.0,18.0,1.0,0.0,0.0,1.0,0.0
113,381.46666666666664,383.01666666666665,1600.03125,1682.21875,37.6,21.9,93.0,82.1875,-15.700000000000003,0.0,1.0,0.0,0.0,0.0
114,383.01666666666665,384.25,1682.21875,1682.21875,21.9,32.1,74.0,0.0,10.200000000000003,1.0,0.0,0.0,1.0,0.0
115,384.25,384.56666666666666,1682.21875,1693.84375,32.1,29.4,19.0,11.625,-2.700000000000003,0.0,1.0,0.0,0.0,0.0
116,385.98333333333335,386.85,1693.84375,1726.1875,29.0,23.9,52.0,32.34375,-5.100000000000001,0.0,1.0,0.0,0.0,0.0
117,386.8833333333333,387.3333333333333,1726.1875,1755.765625,23.9,17.6,27.0,29.578125,-6.299999999999997,0.0,1.0,0.0,0.0,0.0
118,387.5833333333333,387.75,1755.765625,1761.203125,17.6,17.2,10.0,5.4375,-0.40000000000000213,0.0,1.0,0.0,0.0,0.0
119,387.75,389.25,1761.203125,1761.203125,17.2,31.3,90.0,0.0,14.100000000000001,1.0,0.0,0.0,1.0,0.0
120,389.25,389.53333333333336,1761.203125,1773.15625,31.3,30.1,17.0,11.953125,-1.1999999999999993,0.0,1.0,0.0,0.0,0.0
121,389.68333333333334,392.1333333333333,1773.15625,1901.421875,30.1,3.5,147.0,128.265625,-26.6,0.0,1.0,0.0,0.0,0.0
122,392.1333333333333,392.3833333333333,1901.421875,1901.421875,3.5,4.7,15.0,0.0,1.2000000000000002,1.0,0.0,0.0,1.0,0.0
123,392.3833333333333,392.51666666666665,1901.421875,1905.96875,4.7,3.9,8.0,4.546875,-0.8000000000000003,0.0,1.0,0.0,0.0,0.0
124,392.53333333333336,393.3333333333333,1905.96875,1905.96875,3.9,7.0,48.0,0.0,3.1,1.0,0.0,0.0,1.0,0.0
125,393.3333333333333,393.43333333333334,1905.96875,1908.234375,7.0,6.2,6.0,2.265625,-0.7999999999999998,0.0,1.0,0.0,0.0,0.0
126,393.46666666666664,393.46666666666664,1908.234375,1908.25,6.2,6.2,0.0,0.015625,0.0,0.0,1.0,0.0,0.0,0.0
127,393.53333333333336,393.78333333333336,1908.265625,1908.265625,6.2,20.0,15.0,0.0,13.8,1.0,0.0,0.0,0.0,1.0
128,393.78333333333336,394.28333333333336,1908.265625,1939.25,20.0,13.3,30.0,30.984375,-6.699999999999999,0.0,1.0,0.0,0.0,0.0
129,409.1333333333333,409.4,1939.25,1947.359375,31.3,29.8,16.0,8.109375,-1.5,0.0,1.0,0.0,0.0,0.0
130,394.28333333333336,409.1333333333333,1939.25,1939.25,13.3,31.3,891.0,0.0,18.0,1.0,0.0,1.0,0.0,0.0
131,409.43333333333334,410.53333333333336,1947.359375,1985.0625,29.8,24.7,66.0,37.703125,-5.100000000000001,0.0,1.0,0.0,0.0,0.0
132,410.55,411.18333333333334,1985.0625,1985.0625,24.7,29.8,38.0,0.0,5.100000000000001,1.0,0.0,0.0,1.0,0.0
133,411.18333333333334,411.48333333333335,1985.0625,2000.71875,29.8,27.0,18.0,15.65625,-2.8000000000000007,0.0,1.0,0.0,0.0,0.0
134,411.76666666666665,412.46666666666664,2000.71875,2040.78125,27.0,18.8,42.0,40.0625,-8.2,0.0,1.0,0.0,0.0,0.0
135,412.6166666666667,413.18333333333334,2040.78125,2040.78125,18.8,47.0,34.0,0.0,28.2,1.0,0.0,0.0,0.0,1.0
136,413.18333333333334,414.1666666666667,2040.78125,2063.78125,47.0,43.1,59.0,23.0,-3.8999999999999986,0.0,1.0,0.0,0.0,0.0
137,414.18333333333334,414.3,2063.78125,2063.78125,43.1,43.9,7.0,0.0,0.7999999999999972,1.0,0.0,0.0,1.0,0.0
138,414.3,418.23333333333335,2063.78125,2240.578125,43.9,9.4,236.0,176.796875,-34.5,0.0,1.0,0.0,0.0,0.0
139,431.6333333333333,431.8833333333333,2240.578125,2248.671875,25.4,23.9,15.0,8.09375,-1.5,0.0,1.0,0.0,0.0,0.0
140,418.25,431.6333333333333,2240.578125,2240.578125,9.4,25.4,803.0,0.0,15.999999999999998,1.0,0.0,1.0,0.0,0.0
141,432.31666666666666,433.15,2252.640625,2271.0,23.5,20.3,50.0,18.359375,-3.1999999999999993,0.0,1.0,0.0,0.0,0.0
142,434.21666666666664,435.3333333333333,2271.0,2288.375,70.9,67.0,67.0,17.375,-3.9000000000000057,0.0,1.0,0.0,0.0,0.0
143,433.1666666666667,434.21666666666664,2271.0,2271.0,20.3,70.9,63.0,0.0,50.60000000000001,1.0,0.0,0.0,0.0,1.0
144,435.71666666666664,437.81666666666666,2288.375,2376.875,67.0,49.0,126.0,88.5,-18.0,0.0,1.0,0.0,0.0,0.0
145,437.81666666666666,437.96666666666664,2376.875,2376.875,49.0,49.8,9.0,0.0,0.7999999999999972,1.0,0.0,0.0,1.0,0.0
146,437.96666666666664,440.4166666666667,2376.875,2489.515625,49.8,27.4,147.0,112.640625,-22.4,0.0,1.0,0.0,0.0,0.0
147,440.48333333333335,454.68333333333334,2489.515625,2489.515625,27.4,44.7,852.0,0.0,17.300000000000004,1.0,0.0,1.0,0.0,0.0
148,454.68333333333334,455.01666666666665,2489.515625,2498.953125,44.7,43.5,20.0,9.4375,-1.2000000000000028,0.0,1.0,0.0,0.0,0.0
149,455.03333333333336,455.81666666666666,2498.953125,2498.953125,43.5,79.6,47.0,0.0,36.099999999999994,1.0,0.0,0.0,0.0,1.0
150,455.81666666666666,456.21666666666664,2498.953125,2512.734375,79.6,77.6,24.0,13.78125,-2.0,0.0,1.0,0.0,0.0,0.0
151,456.26666666666665,456.7,2512.734375,2528.078125,77.6,74.9,26.0,15.34375,-2.6999999999999886,0.0,1.0,0.0,0.0,0.0
152,456.73333333333335,461.51666666666665,2528.078125,2696.46875,74.9,41.9,287.0,168.390625,-33.00000000000001,0.0,1.0,0.0,0.0,0.0
153,461.6166666666667,461.81666666666666,2696.46875,2706.4375,41.9,40.3,12.0,9.96875,-1.6000000000000014,0.0,1.0,0.0,0.0,0.0
154,461.9,464.3,2706.4375,2810.34375,40.7,21.1,144.0,103.90625,-19.6,0.0,1.0,0.0,0.0,0.0
155,461.8333333333333,461.9,2706.4375,2706.4375,40.3,40.7,4.0,0.0,0.4000000000000057,1.0,0.0,0.0,1.0,0.0
156,464.31666666666666,477.03333333333336,2810.34375,2810.34375,21.1,36.8,763.0,0.0,15.699999999999996,1.0,0.0,1.0,0.0,0.0
157,477.03333333333336,477.31666666666666,2810.34375,2819.78125,36.8,35.6,17.0,9.4375,-1.1999999999999957,0.0,1.0,0.0,0.0,0.0
158,477.3333333333333,478.3333333333333,2819.78125,2819.78125,35.6,85.0,60.0,0.0,49.4,1.0,0.0,0.0,0.0,1.0
159,478.3333333333333,478.5,2819.78125,2826.640625,85.0,83.9,10.0,6.859375,-1.0999999999999943,0.0,1.0,0.0,0.0,0.0
160,480.0,480.8833333333333,2834.65625,2871.609375,81.5,75.6,53.0,36.953125,-5.900000000000006,0.0,1.0,0.0,0.0,0.0
161,480.9,483.1,2871.609375,2976.828125,75.6,53.7,132.0,105.21875,-21.89999999999999,0.0,1.0,0.0,0.0,0.0
162,483.1166666666667,485.1166666666667,2976.828125,2976.828125,53.7,55.6,120.0,0.0,1.8999999999999986,1.0,0.0,1.0,0.0,0.0
163,485.1166666666667,487.5833333333333,2976.828125,3060.046875,55.6,40.7,148.0,83.21875,-14.899999999999999,0.0,1.0,0.0,0.0,0.0
164,487.6,498.1333333333333,3060.046875,3060.046875,40.7,53.3,632.0,0.0,12.599999999999994,1.0,0.0,1.0,0.0,0.0
165,498.1333333333333,498.4,3060.046875,3065.25,53.3,52.5,16.0,5.203125,-0.7999999999999972,0.0,1.0,0.0,0.0,0.0
166,498.45,498.45,3065.25,3065.265625,52.1,52.1,0.0,0.015625,0.0,0.0,1.0,0.0,0.0,0.0
167,499.23333333333335,499.65,3065.265625,3075.390625,52.1,50.9,25.0,10.125,-1.2000000000000028,0.0,1.0,0.0,0.0,0.0
168,499.6666666666667,501.5,3075.390625,3075.390625,50.9,52.9,110.0,0.0,2.0,1.0,0.0,1.0,0.0,0.0
169,501.5,505.18333333333334,3075.390625,3205.53125,52.9,29.4,221.0,130.140625,-23.5,0.0,1.0,0.0,0.0,0.0
170,505.25,505.9,3205.53125,3222.609375,29.4,27.0,39.0,17.078125,-2.3999999999999986,0.0,1.0,0.0,0.0,0.0
171,506.1166666666667,507.1166666666667,3224.34375,3224.34375,27.0,35.2,60.0,0.0,8.200000000000003,1.0,0.0,0.0,1.0,0.0
172,507.1166666666667,507.3666666666667,3224.34375,3232.28125,35.2,33.7,15.0,7.9375,-1.5,0.0,1.0,0.0,0.0,0.0
173,507.3666666666667,507.6166666666667,3232.28125,3239.71875,33.7,32.5,15.0,7.4375,-1.2000000000000028,0.0,1.0,0.0,0.0,0.0
174,507.6333333333333,509.45,3239.71875,3239.71875,32.5,34.5,109.0,0.0,2.0,1.0,0.0,1.0,0.0,0.0
175,509.45,509.9166666666667,3239.71875,3255.796875,34.5,32.1,28.0,16.078125,-2.3999999999999986,0.0,1.0,0.0,0.0,0.0
176,510.95,511.93333333333334,3255.796875,3296.015625,82.7,72.1,59.0,40.21875,-10.600000000000009,0.0,1.0,0.0,0.0,0.0
177,509.93333333333334,510.95,3255.796875,3255.796875,32.1,82.7,61.0,0.0,50.6,1.0,0.0,0.0,0.0,1.0
178,511.95,521.4833333333333,3296.015625,3296.015625,72.1,83.5,572.0,0.0,11.400000000000006,1.0,0.0,1.0,0.0,0.0
179,521.4833333333333,523.2833333333333,3296.015625,3387.84375,83.5,65.4,108.0,91.828125,-18.099999999999994,0.0,1.0,0.0,0.0,0.0
180,523.7333333333333,527.6,3387.84375,3552.34375,65.4,32.9,232.0,164.5,-32.50000000000001,0.0,1.0,0.0,0.0,0.0
181,527.9,528.85,3552.34375,3552.34375,32.9,34.1,57.0,0.0,1.2000000000000028,1.0,0.0,1.0,0.0,0.0
182,528.85,529.1666666666666,3552.34375,3564.5625,34.1,32.1,19.0,12.21875,-2.0,0.0,1.0,0.0,0.0,0.0
183,530.4833333333333,531.5,3566.46875,3566.46875,32.1,81.5,61.0,0.0,49.4,1.0,0.0,0.0,0.0,1.0
184,531.5,533.2833333333333,3566.46875,3665.125,81.5,61.1,107.0,98.65625,-20.4,0.0,1.0,0.0,0.0,0.0
185,533.3,533.8333333333334,3665.125,3686.953125,61.1,56.0,32.0,21.828125,-5.100000000000001,0.0,1.0,0.0,0.0,0.0
186,533.85,534.7,3686.953125,3686.953125,56.0,56.8,51.0,0.0,0.7999999999999972,1.0,0.0,1.0,0.0,0.0
187,534.7,535.7833333333333,3686.953125,3753.765625,56.8,42.3,65.0,66.8125,-14.5,0.0,1.0,0.0,0.0,0.0
188,543.4666666666667,544.8166666666667,3753.765625,3810.0,51.7,41.1,81.0,56.234375,-10.600000000000001,0.0,1.0,0.0,0.0,0.0
189,535.7833333333333,543.4666666666667,3753.765625,3753.765625,42.3,51.7,461.0,0.0,9.400000000000006,1.0,0.0,1.0,0.0,0.0
190,545.85,546.1,3810.0,3818.765625,83.1,81.1,15.0,8.765625,-2.0,0.0,1.0,0.0,0.0,0.0
191,544.85,545.85,3810.0,3810.0,41.1,83.1,60.0,0.0,41.99999999999999,1.0,0.0,0.0,0.0,1.0
192,547.1333333333333,547.3166666666667,3818.765625,3822.203125,81.1,80.7,11.0,3.4375,-0.3999999999999915,0.0,1.0,0.0,0.0,0.0
193,547.8166666666667,549.4833333333333,3832.046875,3904.78125,79.6,65.0,100.0,72.734375,-14.599999999999994,0.0,1.0,0.0,0.0,0.0
194,549.8166666666667,549.8833333333333,3904.78125,3904.78125,64.7,64.7,4.0,0.0,0.0,0.0,1.0,0.0,0.0,0.0
195,549.8833333333333,551.6,3904.78125,3954.984375,64.7,54.9,103.0,50.203125,-9.800000000000004,0.0,1.0,0.0,0.0,0.0
196,551.8833333333333,552.1833333333333,3954.984375,3967.0,54.9,52.9,18.0,12.015625,-2.0,0.0,1.0,0.0,0.0,0.0
197,552.1833333333333,554.4166666666666,3967.0,3967.0,52.9,72.9,134.0,0.0,20.000000000000007,1.0,0.0,0.0,1.0,0.0
198,554.4166666666666,554.9166666666666,3967.0,3981.859375,72.9,69.8,30.0,14.859375,-3.1000000000000085,0.0,1.0,0.0,0.0,0.0
199,554.9333333333333,567.8166666666667,3981.859375,3981.859375,69.8,85.0,773.0,0.0,15.200000000000003,1.0,0.0,1.0,0.0,0.0
200,567.8166666666667,571.5666666666667,3981.859375,4147.109375,85.0,48.6,225.0,165.25,-36.4,0.0,1.0,0.0,0.0,0.0
201,571.75,572.0666666666667,4147.109375,4154.203125,48.6,47.4,19.0,7.09375,-1.2000000000000028,0.0,1.0,0.0,0.0,0.0
202,572.0833333333334,572.4166666666666,4154.203125,4164.46875,47.4,45.0,20.0,10.265625,-2.3999999999999986,0.0,1.0,0.0,0.0,0.0
203,572.45,576.6666666666666,4164.46875,4315.6875,45.0,17.2,253.0,151.21875,-27.8,0.0,1.0,0.0,0.0,0.0
204,576.6833333333333,577.7,4315.6875,4315.6875,17.2,69.0,61.0,0.0,51.8,1.0,0.0,0.0,0.0,1.0
205,577.7,577.85,4315.6875,4319.375,69.0,68.6,9.0,3.6875,-0.4000000000000057,0.0,1.0,0.0,0.0,0.0
206,578.1,578.3,4318.734375,4325.734375,67.8,67.0,12.0,7.0,-0.7999999999999972,0.0,1.0,0.0,0.0,0.0
207,578.3166666666667,580.6666666666666,4326.296875,4326.296875,67.0,69.4,141.0,0.0,2.4000000000000057,1.0,0.0,1.0,0.0,0.0
208,580.6666666666666,581.9333333333333,4326.296875,4393.203125,69.4,55.6,76.0,66.90625,-13.800000000000004,0.0,1.0,0.0,0.0,0.0
209,581.9333333333333,591.3833333333333,4393.203125,4393.203125,55.6,66.6,567.0,0.0,10.999999999999993,1.0,0.0,1.0,0.0,0.0
210,591.3833333333333,593.2333333333333,4393.203125,4478.75,66.6,49.0,111.0,85.546875,-17.599999999999994,0.0,1.0,0.0,0.0,0.0
211,593.25,594.05,4478.75,4478.75,49.0,80.0,48.0,0.0,31.0,1.0,0.0,0.0,0.0,1.0
212,594.05,596.0666666666667,4478.75,4585.09375,80.0,59.2,121.0,106.34375,-20.799999999999997,0.0,1.0,0.0,0.0,0.0
213,596.2333333333333,599.2,4585.09375,4677.828125,59.2,40.3,178.0,92.734375,-18.900000000000006,0.0,1.0,0.0,0.0,0.0
214,599.9833333333333,600.45,4677.828125,4693.96875,41.1,38.8,28.0,16.140625,-2.3000000000000043,0.0,1.0,0.0,0.0,0.0
215,599.2166666666667,599.9833333333333,4677.828125,4677.828125,40.3,41.1,46.0,0.0,0.8000000000000043,1.0,0.0,1.0,0.0,0.0
216,600.5333333333333,600.8833333333333,4693.96875,4705.296875,38.4,36.4,21.0,11.328125,-2.0,0.0,1.0,0.0,0.0,0.0
217,600.8833333333333,602.9833333333333,4705.296875,4705.296875,36.4,38.4,126.0,0.0,2.0,1.0,0.0,1.0,0.0,0.0
218,602.9833333333333,603.5833333333334,4705.296875,4720.140625,38.4,36.0,36.0,14.84375,-2.3999999999999986,0.0,1.0,0.0,0.0,0.0
219,603.9166666666666,604.85,4720.140625,4748.1875,36.0,31.7,56.0,28.046875,-4.300000000000001,0.0,1.0,0.0,0.0,0.0
220,604.8666666666667,605.75,4748.1875,4748.1875,31.7,76.4,53.0,0.0,44.7,1.0,0.0,0.0,0.0,1.0
221,605.8666666666667,606.3333333333334,4749.90625,4761.0,76.4,73.7,28.0,11.09375,-2.700000000000003,0.0,1.0,0.0,0.0,0.0
222,606.35,615.3666666666667,4761.0,4761.0,73.7,84.3,541.0,0.0,10.599999999999994,1.0,0.0,1.0,0.0,0.0
223,615.3666666666667,616.7666666666667,4761.0,4807.28125,84.3,75.6,84.0,46.28125,-8.700000000000003,0.0,1.0,0.0,0.0,0.0
224,616.9666666666667,617.95,4807.28125,4844.734375,75.6,68.2,59.0,37.453125,-7.3999999999999915,0.0,1.0,0.0,0.0,0.0
225,617.9833333333333,618.1833333333333,4844.734375,4854.59375,68.2,65.4,12.0,9.859375,-2.799999999999997,0.0,1.0,0.0,0.0,0.0
226,619.0833333333334,619.8,4854.59375,4878.453125,65.8,61.9,43.0,23.859375,-3.8999999999999986,0.0,1.0,0.0,0.0,0.0
227,618.2,619.0833333333334,4854.59375,4854.59375,65.4,65.8,53.0,0.0,0.3999999999999915,1.0,0.0,1.0,0.0,0.0
228,619.8333333333334,619.9,4878.453125,4880.234375,61.9,61.9,4.0,1.78125,0.0,0.0,1.0,0.0,0.0,0.0
229,619.9,620.2166666666667,4880.234375,4880.234375,61.9,64.3,19.0,0.0,2.3999999999999986,1.0,0.0,0.0,1.0,0.0
230,620.2166666666667,620.7666666666667,4880.234375,4892.078125,64.3,61.9,33.0,11.84375,-2.3999999999999986,0.0,1.0,0.0,0.0,0.0
231,620.7833333333333,621.3833333333333,4892.078125,4892.078125,61.9,62.7,36.0,0.0,0.8000000000000043,1.0,0.0,1.0,0.0,0.0
232,621.3833333333333,623.8166666666667,4892.078125,5000.203125,62.7,42.7,146.0,108.125,-20.0,0.0,1.0,0.0,0.0,0.0
233,623.9,625.6833333333333,5000.203125,5063.84375,42.3,31.7,107.0,63.640625,-10.599999999999998,0.0,1.0,0.0,0.0,0.0
234,625.7,626.7333333333333,5063.84375,5063.84375,31.7,82.3,62.0,0.0,50.599999999999994,1.0,0.0,0.0,0.0,1.0
235,626.7333333333333,626.8666666666667,5063.84375,5067.578125,82.3,81.9,8.0,3.734375,-0.3999999999999915,0.0,1.0,0.0,0.0,0.0
236,626.9833333333333,627.1833333333333,5067.578125,5074.515625,81.5,80.7,12.0,6.9375,-0.7999999999999972,0.0,1.0,0.0,0.0,0.0
237,627.3333333333334,629.4166666666666,5074.515625,5170.03125,80.3,62.3,125.0,95.515625,-18.0,0.0,1.0,0.0,0.0,0.0
238,639.35,643.0833333333334,5170.03125,5351.734375,73.7,37.6,224.0,181.703125,-36.1,0.0,1.0,0.0,0.0,0.0
239,629.4333333333333,639.35,5170.03125,5170.03125,62.3,73.7,595.0,0.0,11.400000000000006,1.0,0.0,1.0,0.0,0.0
240,643.1,643.3666666666667,5351.734375,5351.75,37.6,39.6,16.0,0.015625,2.0,1.0,0.0,0.0,1.0,0.0
241,643.3666666666667,644.6166666666667,5351.75,5401.78125,39.6,29.4,75.0,50.03125,-10.200000000000003,0.0,1.0,0.0,0.0,0.0
242,644.6333333333333,644.6666666666666,5401.78125,5401.921875,29.4,29.4,2.0,0.140625,0.0,0.0,1.0,0.0,0.0,0.0
243,644.6666666666666,644.8,5401.921875,5401.921875,29.4,29.8,8.0,0.0,0.40000000000000213,1.0,0.0,0.0,1.0,0.0
244,644.8,645.1,5401.921875,5411.578125,29.8,28.2,18.0,9.65625,-1.6000000000000014,0.0,1.0,0.0,0.0,0.0
245,645.1,645.3333333333334,5411.578125,5411.578125,28.2,29.8,14.0,0.0,1.6000000000000014,1.0,0.0,0.0,1.0,0.0
246,645.3333333333334,647.5833333333334,5411.578125,5481.125,29.8,16.8,135.0,69.546875,-13.0,0.0,1.0,0.0,0.0,0.0
247,647.6166666666667,648.6166666666667,5481.125,5481.125,16.8,67.8,60.0,0.0,51.0,1.0,0.0,0.0,0.0,1.0
248,648.6166666666667,648.85,5481.125,5490.28125,67.8,66.2,14.0,9.15625,-1.5999999999999943,0.0,1.0,0.0,0.0,0.0
249,648.85,650.05,5490.28125,5490.28125,66.2,67.4,72.0,0.0,1.2000000000000028,1.0,0.0,1.0,0.0,0.0
250,650.05,650.6666666666666,5490.28125,5511.640625,67.4,63.9,37.0,21.359375,-3.500000000000007,0.0,1.0,0.0,0.0,0.0
251,652.0,652.4333333333333,5511.640625,5532.03125,74.9,70.5,26.0,20.390625,-4.400000000000006,0.0,1.0,0.0,0.0,0.0
252,650.6833333333333,652.0,5511.640625,5511.640625,63.9,74.9,79.0,0.0,11.000000000000007,1.0,0.0,0.0,1.0,0.0
253,652.4333333333333,663.5,5532.03125,5532.03125,70.5,83.5,664.0,0.0,13.0,1.0,0.0,1.0,0.0,0.0
254,663.5,666.5166666666667,5532.03125,5694.15625,83.5,47.0,181.0,162.125,-36.5,0.0,1.0,0.0,0.0,0.0
255,666.5333333333333,667.1833333333333,5694.15625,5694.15625,47.0,47.4,39.0,0.0,0.3999999999999986,1.0,0.0,1.0,0.0,0.0
256,667.1833333333333,667.4333333333333,5694.15625,5703.03125,47.4,45.4,15.0,8.875,-2.0,0.0,1.0,0.0,0.0,0.0
257,668.9666666666667,669.0,5703.03125,5703.0625,43.1,43.1,2.0,0.03125,0.0,0.0,1.0,0.0,0.0,0.0
258,670.4,670.45,5703.109375,5703.96875,42.7,42.7,3.0,0.859375,0.0,0.0,1.0,0.0,0.0,0.0
259,692.9666666666667,693.0,5703.96875,5704.109375,42.3,42.3,2.0,0.140625,0.0,0.0,1.0,0.0,0.0,0.0
260,693.85,693.8666666666667,5704.109375,5704.1875,42.3,42.3,1.0,0.078125,0.0,0.0,1.0,0.0,0.0,0.0
261,695.3166666666667,695.7666666666667,5704.1875,5717.28125,42.7,40.7,27.0,13.09375,-2.0,0.0,1.0,0.0,0.0,0.0
262,696.8,697.3166666666667,5717.28125,5728.625,82.3,80.3,31.0,11.34375,-2.0,0.0,1.0,0.0,0.0,0.0
263,695.8,696.8,5717.28125,5717.28125,40.7,82.3,60.0,0.0,41.599999999999994,1.0,0.0,0.0,0.0,1.0
264,697.3166666666667,700.1166666666667,5728.625,5728.625,80.3,83.5,168.0,0.0,3.200000000000003,1.0,0.0,1.0,0.0,0.0
265,700.1166666666667,701.0,5728.625,5770.515625,83.5,76.8,53.0,41.890625,-6.700000000000003,0.0,1.0,0.0,0.0,0.0
266,701.05,701.6666666666666,5770.515625,5804.265625,76.8,68.6,37.0,33.75,-8.200000000000003,0.0,1.0,0.0,0.0,0.0
267,701.7,701.9333333333333,5804.265625,5812.3125,68.6,67.0,14.0,8.046875,-1.5999999999999943,0.0,1.0,0.0,0.0,0.0
268,701.95,711.4666666666667,5812.3125,5812.3125,67.0,78.4,571.0,0.0,11.400000000000006,1.0,0.0,1.0,0.0,0.0
269,711.4666666666667,715.5,5812.3125,5994.578125,78.4,44.3,242.0,182.265625,-34.10000000000001,0.0,1.0,0.0,0.0,0.0
270,715.75,719.1333333333333,5994.578125,6125.296875,44.3,22.3,203.0,130.71875,-21.999999999999996,0.0,1.0,0.0,0.0,0.0
271,719.15,719.7666666666667,6125.296875,6125.296875,22.3,27.0,37.0,0.0,4.699999999999999,1.0,0.0,0.0,1.0,0.0
272,719.7666666666667,720.65,6125.296875,6166.96875,27.0,19.6,53.0,41.671875,-7.399999999999999,0.0,1.0,0.0,0.0,0.0
273,720.75,720.9666666666667,6166.96875,6175.59375,19.2,18.0,13.0,8.625,-1.1999999999999993,0.0,1.0,0.0,0.0,0.0
274,724.2333333333333,724.6166666666667,6175.59375,6188.234375,21.5,20.0,23.0,12.640625,-1.5,0.0,1.0,0.0,0.0,0.0
275,720.9833333333333,724.2333333333333,6175.59375,6175.59375,18.0,21.5,195.0,0.0,3.5,1.0,0.0,1.0,0.0,0.0
276,724.7666666666667,726.0,6189.59375,6189.59375,20.0,30.5,74.0,0.0,10.5,1.0,0.0,0.0,1.0,0.0
277,726.0,726.65,6189.59375,6215.5,30.5,25.8,39.0,25.90625,-4.699999999999999,0.0,1.0,0.0,0.0,0.0
278,726.6666666666666,733.7833333333333,6215.5,6215.5,25.8,34.5,427.0,0.0,8.7,1.0,0.0,1.0,0.0,0.0
279,733.7833333333333,734.3333333333334,6215.5,6240.828125,34.5,30.5,33.0,25.328125,-4.0,0.0,1.0,0.0,0.0,0.0
280,734.35,735.35,6240.828125,6240.828125,30.5,81.1,60.0,0.0,50.599999999999994,1.0,0.0,0.0,0.0,1.0
281,735.35,737.2333333333333,6240.828125,6300.34375,81.1,68.2,113.0,59.515625,-12.899999999999991,0.0,1.0,0.0,0.0,0.0
282,737.25,739.35,6300.34375,6300.34375,68.2,70.5,126.0,0.0,2.299999999999997,1.0,0.0,1.0,0.0,0.0
283,739.35,741.05,6300.34375,6362.796875,70.5,58.0,102.0,62.453125,-12.5,0.0,1.0,0.0,0.0,0.0
284,741.15,745.4666666666667,6362.796875,6503.703125,57.6,30.5,259.0,140.90625,-27.1,0.0,1.0,0.0,0.0,0.0
285,745.95,746.25,6503.703125,6513.140625,30.9,29.4,18.0,9.4375,-1.5,0.0,1.0,0.0,0.0,0.0
286,745.4666666666667,745.95,6503.703125,6503.703125,30.5,30.9,29.0,0.0,0.3999999999999986,1.0,0.0,1.0,0.0,0.0
287,746.2666666666667,747.2833333333333,6513.140625,6513.140625,29.4,80.7,61.0,0.0,51.300000000000004,1.0,0.0,0.0,0.0,1.0
288,747.2833333333333,748.3666666666667,6513.140625,6568.375,80.7,69.8,65.0,55.234375,-10.900000000000006,0.0,1.0,0.0,0.0,0.0
289,748.3833333333333,749.1666666666666,6568.375,6601.1875,69.8,63.9,47.0,32.8125,-5.899999999999999,0.0,1.0,0.0,0.0,0.0
290,749.2,759.1333333333333,6601.1875,6601.1875,63.9,74.9,596.0,0.0,11.000000000000007,1.0,0.0,1.0,0.0,0.0
291,759.1333333333333,761.8166666666667,6601.1875,6686.15625,74.9,58.4,161.0,84.96875,-16.500000000000007,0.0,1.0,0.0,0.0,0.0
292,761.8833333333333,768.2666666666667,6686.15625,6867.21875,58.4,24.7,383.0,181.0625,-33.7,0.0,1.0,0.0,0.0,0.0
293,768.55,768.6333333333333,6867.21875,6869.515625,24.3,23.1,5.0,2.296875,-1.1999999999999993,0.0,1.0,0.0,0.0,0.0
294,768.95,769.1833333333333,6869.515625,6875.59375,23.1,22.3,14.0,6.078125,-0.8000000000000007,0.0,1.0,0.0,0.0,0.0
295,769.5,770.7166666666667,6875.59375,6910.71875,22.3,16.8,73.0,35.125,-5.5,0.0,1.0,0.0,0.0,0.0
296,771.2333333333333,771.9,6910.71875,6941.625,49.4,43.5,40.0,30.90625,-5.899999999999999,0.0,1.0,0.0,0.0,0.0
297,770.7333333333333,771.2333333333333,6910.71875,6910.71875,16.8,49.4,30.0,0.0,32.599999999999994,1.0,0.0,0.0,0.0,1.0
298,772.8666666666667,773.1166666666667,6941.625,6950.640625,86.2,84.3,15.0,9.015625,-1.9000000000000057,0.0,1.0,0.0,0.0,0.0
299,773.1166666666667,781.3333333333334,6950.640625,6950.640625,84.3,94.9,493.0,0.0,10.600000000000009,1.0,0.0,1.0,0.0,0.0
300,781.3333333333334,790.7,6950.640625,7328.828125,94.9,20.3,562.0,378.1875,-74.60000000000001,0.0,1.0,0.0,0.0,0.0
301,790.7,791.1666666666666,7328.828125,7328.828125,20.3,23.9,28.0,0.0,3.599999999999998,1.0,0.0,0.0,1.0,0.0
302,791.1666666666666,791.7,7328.828125,7353.703125,23.9,20.3,32.0,24.875,-3.599999999999998,0.0,1.0,0.0,0.0,0.0
303,792.2166666666667,792.5833333333334,7353.703125,7369.5625,20.0,17.6,22.0,15.859375,-2.3999999999999986,0.0,1.0,0.0,0.0,0.0
304,792.9833333333333,793.2166666666667,7369.5625,7381.390625,17.6,16.4,14.0,11.828125,-1.2000000000000028,0.0,1.0,0.0,0.0,0.0
305,793.2166666666667,795.9166666666666,7381.390625,7381.390625,16.4,33.3,162.0,0.0,16.9,1.0,0.0,0.0,1.0,0.0
306,795.9166666666666,795.95,7381.390625,7381.625,33.3,33.3,2.0,0.234375,0.0,0.0,1.0,0.0,0.0,0.0
307,797.9166666666666,798.1833333333333,7381.625,7394.140625,33.3,30.9,16.0,12.515625,-2.3999999999999986,0.0,1.0,0.0,0.0,0.0
308,798.2833333333333,799.2166666666667,7394.140625,7427.171875,30.9,24.7,56.0,33.03125,-6.199999999999999,0.0,1.0,0.0,0.0,0.0
309,800.25,800.5,7427.171875,7436.203125,77.2,75.2,15.0,9.03125,-2.0,0.0,1.0,0.0,0.0,0.0
310,799.2333333333333,800.25,7427.171875,7427.171875,24.7,77.2,61.0,0.0,52.5,1.0,0.0,0.0,0.0,1.0
311,800.5333333333333,805.7833333333333,7436.203125,7436.203125,75.2,81.5,315.0,0.0,6.299999999999997,1.0,0.0,1.0,0.0,0.0
312,805.7833333333333,808.4833333333333,7436.203125,7543.078125,81.5,60.7,162.0,106.875,-20.799999999999997,0.0,1.0,0.0,0.0,0.0
313,808.5,811.35,7543.078125,7543.078125,60.7,63.9,171.0,0.0,3.1999999999999957,1.0,0.0,1.0,0.0,0.0
314,811.35,814.8833333333333,7543.078125,7670.40625,63.9,40.7,212.0,127.328125,-23.199999999999996,0.0,1.0,0.0,0.0,0.0
315,815.1166666666667,816.8833333333333,7670.40625,7765.53125,40.7,24.3,106.0,95.125,-16.400000000000002,0.0,1.0,0.0,0.0,0.0
316,818.5166666666667,818.9333333333333,7766.6875,7787.15625,55.2,51.3,25.0,20.46875,-3.9000000000000057,0.0,1.0,0.0,0.0,0.0
317,818.95,836.8666666666667,7787.15625,7787.15625,51.3,72.5,1075.0,0.0,21.200000000000003,1.0,0.0,1.0,0.0,0.0
318,836.8666666666667,838.3,7787.15625,7891.625,72.5,50.9,86.0,104.46875,-21.6,0.0,1.0,0.0,0.0,0.0
319,838.4166666666666,839.0333333333333,7891.625,7933.281255,50.9,41.9,37.0,41.656254999999874,-9.0,0.0,1.0,0.0,0.0,0.0
320,839.4666666666667,839.9333333333333,7933.281255,7959.078125,41.5,36.0,28.0,25.796870000000126,-5.5,0.0,1.0,0.0,0.0,0.0
321,840.1166666666667,841.05,7959.078125,8010.718755,36.0,25.8,56.0,51.640629999999874,-10.2,0.0,1.0,0.0,0.0,0.0
322,841.0666666666667,841.6166666666667,8010.718755,8010.718755,25.8,57.6,33.0,0.0,31.8,1.0,0.0,0.0,0.0,1.0
323,841.6166666666667,841.65,8010.718755,8010.812505,57.6,57.6,2.0,0.09375,0.0,0.0,1.0,0.0,0.0,0.0
324,841.7833333333333,842.4,8010.812505,8031.234375,57.6,52.9,37.0,20.421870000000126,-4.700000000000003,0.0,1.0,0.0,0.0,0.0
325,842.4333333333333,845.5666666666667,8031.234375,8031.234375,52.9,56.0,188.0,0.0,3.1000000000000014,1.0,0.0,1.0,0.0,0.0
326,845.5666666666667,847.6666666666666,8031.234375,8134.390625,56.0,37.2,126.0,103.15625,-18.799999999999997,0.0,1.0,0.0,0.0,0.0
327,847.6833333333333,848.7166666666667,8134.390625,8134.390625,37.2,85.8,62.0,0.0,48.599999999999994,1.0,0.0,0.0,0.0,1.0
328,848.7166666666667,848.95,8134.390625,8143.406255,85.8,83.9,14.0,9.015629999999874,-1.8999999999999915,0.0,1.0,0.0,0.0,0.0
329,863.9166666666666,866.3,8272.453125,8345.125005,73.3,60.3,143.0,72.67187999999987,-13.0,0.0,1.0,0.0,0.0,0.0
330,866.3333333333334,866.5833333333334,8345.125005,8354.484375,60.3,58.4,15.0,9.359370000000126,-1.8999999999999986,0.0,1.0,0.0,0.0,0.0
331,866.6,884.3,8354.484375,8354.484375,58.4,79.2,1062.0,0.0,20.800000000000004,1.0,0.0,1.0,0.0,0.0
332,884.3,884.7666666666667,8354.484375,8368.234375,79.2,77.2,28.0,13.75,-2.0,0.0,1.0,0.0,0.0,0.0
333,885.5166666666667,885.85,8368.234375,8379.875005,76.8,75.2,20.0,11.640629999999874,-1.5999999999999943,0.0,1.0,0.0,0.0,0.0
334,885.8666666666667,886.8166666666667,8379.875005,8379.875005,75.2,75.6,57.0,0.0,0.3999999999999915,1.0,0.0,1.0,0.0,0.0
335,886.8166666666667,890.75,8379.875005,8512.000005,75.6,50.9,236.0,132.125,-24.699999999999996,0.0,1.0,0.0,0.0,0.0
336,890.7666666666667,906.75,8512.000005,8512.000005,50.9,69.8,959.0,0.0,18.9,1.0,0.0,1.0,0.0,0.0
337,907.15,907.2666666666667,8519.968755,8524.312505,68.6,68.2,7.0,4.34375,-0.3999999999999915,0.0,1.0,0.0,0.0,0.0
338,907.35,907.55,8524.312505,8531.390625,67.8,67.0,12.0,7.078120000000126,-0.7999999999999972,0.0,1.0,0.0,0.0,0.0
339,908.65,912.6666666666666,8531.390625,8667.562505,65.4,40.3,241.0,136.17187999999987,-25.10000000000001,0.0,1.0,0.0,0.0,0.0
340,912.7,913.2166666666667,8667.562505,8667.562505,40.3,70.5,31.0,0.0,30.200000000000003,1.0,0.0,0.0,0.0,1.0
341,913.2166666666667,914.8666666666667,8667.562505,8722.421875,70.5,60.0,99.0,54.859370000000126,-10.5,0.0,1.0,0.0,0.0,0.0
342,914.8666666666667,927.5833333333334,8722.421875,8722.421875,60.0,74.5,763.0,0.0,14.5,1.0,0.0,1.0,0.0,0.0
343,927.5833333333334,928.1833333333333,8722.421875,8757.062505,74.5,69.4,36.0,34.640629999999874,-5.099999999999994,0.0,1.0,0.0,0.0,0.0
344,928.3666666666667,928.95,8757.062505,8789.234375,69.8,64.3,35.0,32.171870000000126,-5.5,0.0,1.0,0.0,0.0,0.0
345,928.2,928.3666666666667,8757.062505,8757.062505,69.4,69.8,10.0,0.0,0.3999999999999915,1.0,0.0,0.0,1.0,0.0
346,928.9666666666667,931.4833333333333,8789.234375,8789.234375,64.3,66.6,151.0,0.0,2.299999999999997,1.0,0.0,1.0,0.0,0.0
347,931.65,931.6666666666666,8791.921875,8792.234375,66.6,66.6,1.0,0.3125,0.0,0.0,1.0,0.0,0.0,0.0
348,931.85,931.95,8792.234375,8794.828125,66.2,65.8,6.0,2.59375,-0.4000000000000057,0.0,1.0,0.0,0.0,0.0
349,931.9833333333333,935.9333333333333,8794.828125,8794.828125,65.8,70.1,237.0,0.0,4.299999999999997,1.0,0.0,1.0,0.0,0.0
350,935.9333333333333,938.5333333333333,8794.828125,8856.046875,70.1,59.6,156.0,61.21875,-10.499999999999993,0.0,1.0,0.0,0.0,0.0
351,938.7833333333333,939.7666666666667,8856.046875,8895.765625,59.2,52.1,59.0,39.71875,-7.100000000000001,0.0,1.0,0.0,0.0,0.0
352,939.7833333333333,944.25,8895.765625,8895.765625,52.1,56.8,268.0,0.0,4.699999999999996,1.0,0.0,1.0,0.0,0.0
353,944.25,944.2833333333333,8895.765625,8895.765625,56.8,56.8,2.0,0.0,0.0,0.0,1.0,0.0,0.0,0.0
354,944.2833333333333,952.9833333333333,8895.765625,8895.765625,56.8,67.4,522.0,0.0,10.600000000000009,1.0,0.0,1.0,0.0,0.0
355,952.9833333333333,955.5833333333334,8895.765625,8990.546875,67.4,50.5,156.0,94.78125,-16.900000000000006,0.0,1.0,0.0,0.0,0.0
356,955.9,955.95,8993.203125,8993.500005,50.5,50.5,3.0,0.2968799999998737,0.0,0.0,1.0,0.0,0.0,0.0
357,956.25,956.3833333333333,8993.500005,8996.359375,50.5,49.8,8.0,2.8593700000001263,-0.7000000000000028,0.0,1.0,0.0,0.0,0.0
358,956.4666666666667,956.9333333333333,8996.359375,8996.359375,49.8,50.1,28.0,0.0,0.30000000000000426,1.0,0.0,1.0,0.0,0.0
359,956.9333333333333,957.1666666666666,8996.359375,9003.890625,50.1,48.6,14.0,7.53125,-1.5,0.0,1.0,0.0,0.0,0.0
360,957.2166666666667,957.4833333333333,9003.890625,9013.546875,48.6,47.4,16.0,9.65625,-1.2000000000000028,0.0,1.0,0.0,0.0,0.0
361,957.5,959.8166666666667,9013.546875,9013.546875,47.4,49.4,139.0,0.0,2.0,1.0,0.0,1.0,0.0,0.0
362,959.8166666666667,960.1333333333333,9013.546875,9024.937505,49.4,48.2,19.0,11.390629999999874,-1.1999999999999957,0.0,1.0,0.0,0.0,0.0
363,960.15,962.4333333333333,9024.937505,9024.937505,48.2,67.4,137.0,0.0,19.200000000000003,1.0,0.0,0.0,1.0,0.0
364,962.4333333333333,964.8666666666667,9024.937505,9113.750005,67.4,49.8,146.0,88.8125,-17.60000000000001,0.0,1.0,0.0,0.0,0.0
365,964.8833333333333,982.0166666666667,9113.750005,9113.750005,49.8,70.1,1028.0,0.0,20.299999999999997,1.0,0.0,1.0,0.0,0.0
366,982.0166666666667,982.9,9113.750005,9157.609375,70.1,60.0,53.0,43.859370000000126,-10.099999999999994,0.0,1.0,0.0,0.0,0.0
367,983.8166666666667,987.3333333333334,9157.609375,9312.703125,60.0,28.6,211.0,155.09375,-31.4,0.0,1.0,0.0,0.0,0.0
368,987.35,987.8666666666667,9312.703125,9312.703125,28.6,62.3,31.0,0.0,33.699999999999996,1.0,0.0,0.0,0.0,1.0
369,987.8666666666667,988.2,9312.703125,9333.671875,62.3,58.8,20.0,20.96875,-3.5,0.0,1.0,0.0,0.0,0.0
370,988.2,988.9833333333333,9333.671875,9333.671875,58.8,61.5,47.0,0.0,2.700000000000003,1.0,0.0,0.0,1.0,0.0
371,988.9833333333333,990.7833333333333,9333.671875,9437.765625,61.5,37.6,108.0,104.09375,-23.9,0.0,1.0,0.0,0.0,0.0
372,1008.2333333333333,1009.1333333333333,9462.812505,9507.703125,49.8,41.1,54.0,44.890620000000126,-8.699999999999996,0.0,1.0,0.0,0.0,0.0
373,1011.0166666666667,1011.2166666666667,9508.546875,9515.937505,40.3,38.4,12.0,7.390629999999874,-1.8999999999999986,0.0,1.0,0.0,0.0,0.0
374,1011.2833333333333,1012.2166666666667,9515.937505,9565.484375,38.4,29.8,56.0,49.546870000000126,-8.599999999999998,0.0,1.0,0.0,0.0,0.0
375,1012.25,1012.7666666666667,9565.484375,9565.484375,29.8,65.0,31.0,0.0,35.2,1.0,0.0,0.0,0.0,1.0
376,1012.7666666666667,1013.1166666666667,9565.484375,9590.406255,65.0,59.6,21.0,24.921879999999874,-5.399999999999999,0.0,1.0,0.0,0.0,0.0
377,1013.2,1013.5833333333334,9590.406255,9601.406255,59.2,56.8,23.0,11.0,-2.4000000000000057,0.0,1.0,0.0,0.0,0.0
378,1014.1833333333333,1016.1666666666666,9601.406255,9686.593755,56.4,38.8,119.0,85.1875,-17.6,0.0,1.0,0.0,0.0,0.0
379,1016.1666666666666,1030.4,9686.593755,9686.593755,38.8,56.4,854.0,0.0,17.6,1.0,0.0,1.0,0.0,0.0
380,1030.4,1030.75,9686.593755,9697.562505,56.4,54.9,21.0,10.96875,-1.5,0.0,1.0,0.0,0.0,0.0
381,1030.9666666666667,1031.0833333333333,9697.562505,9702.843755,55.6,55.2,7.0,5.28125,-0.3999999999999986,0.0,1.0,0.0,0.0,0.0
382,1030.75,1030.9666666666667,9697.562505,9697.562505,54.9,55.6,13.0,0.0,0.7000000000000028,1.0,0.0,0.0,1.0,0.0
383,1031.2333333333333,1031.9166666666667,9702.843755,9725.437505,54.9,51.3,41.0,22.59375,-3.6000000000000014,0.0,1.0,0.0,0.0,0.0
384,1032.2333333333333,1032.2666666666667,9728.890625,9729.390625,50.5,49.8,2.0,0.5,-0.7000000000000028,0.0,1.0,0.0,0.0,0.0
385,1032.2666666666667,1032.4666666666667,9729.390625,9729.390625,49.8,51.7,12.0,0.0,1.9000000000000057,1.0,0.0,0.0,1.0,0.0
386,1032.4666666666667,1035.0666666666666,9729.390625,9829.437505,51.7,31.3,156.0,100.04687999999987,-20.400000000000002,0.0,1.0,0.0,0.0,0.0
387,1035.0833333333333,1035.3166666666666,9829.437505,9837.500005,31.3,30.5,14.0,8.0625,-0.8000000000000007,0.0,1.0,0.0,0.0,0.0
388,1035.3333333333333,1037.25,9837.500005,9837.500005,30.5,32.5,115.0,0.0,2.0,1.0,0.0,1.0,0.0,0.0
389,1037.25,1037.5166666666667,9837.500005,9846.937505,32.5,31.3,16.0,9.4375,-1.1999999999999993,0.0,1.0,0.0,0.0,0.0
390,1037.5333333333333,1038.55,9846.937505,9846.937505,31.3,82.3,61.0,0.0,51.0,1.0,0.0,0.0,0.0,1.0
391,1038.55,1039.1,9846.937505,9866.984375,82.3,78.4,33.0,20.046870000000126,-3.8999999999999915,0.0,1.0,0.0,0.0,0.0
392,1050.0833333333333,1054.0166666666667,9866.984375,10045.203125,91.3,56.0,236.0,178.21875,-35.3,0.0,1.0,0.0,0.0,0.0
393,1039.1,1050.0833333333333,9866.984375,9866.984375,78.4,91.3,659.0,0.0,12.899999999999991,1.0,0.0,1.0,0.0,0.0
394,1054.0333333333333,1055.1166666666666,10045.203125,10045.203125,56.0,56.8,65.0,0.0,0.7999999999999972,1.0,0.0,1.0,0.0,0.0
395,1055.1166666666666,1058.2333333333333,10045.203125,10148.265625,56.8,39.2,187.0,103.0625,-17.599999999999994,0.0,1.0,0.0,0.0,0.0
396,1058.25,1059.2333333333333,10148.265625,10148.265625,39.2,39.6,59.0,0.0,0.3999999999999986,1.0,0.0,1.0,0.0,0.0
397,1059.2333333333333,1060.1166666666666,10148.265625,10182.406255,39.6,34.1,53.0,34.140629999999874,-5.5,0.0,1.0,0.0,0.0,0.0
398,1060.1333333333334,1060.6333333333334,10182.406255,10182.406255,34.1,66.6,30.0,0.0,32.49999999999999,1.0,0.0,0.0,0.0,1.0
399,1060.6333333333334,1062.6,10182.406255,10261.281255,66.6,50.1,118.0,78.875,-16.499999999999993,0.0,1.0,0.0,0.0,0.0
400,1062.95,1063.3,10261.281255,10273.687505,50.1,47.0,21.0,12.40625,-3.1000000000000014,0.0,1.0,0.0,0.0,0.0
401,1063.3166666666666,1064.2666666666667,10273.687505,10273.687505,47.0,87.8,57.0,0.0,40.8,1.0,0.0,0.0,0.0,1.0
402,1064.2666666666667,1065.3,10273.687505,10319.593755,87.8,76.4,62.0,45.90625,-11.399999999999991,0.0,1.0,0.0,0.0,0.0
403,1065.3166666666666,1074.45,10319.593755,10319.593755,76.4,87.0,548.0,0.0,10.599999999999994,1.0,0.0,1.0,0.0,0.0
404,1074.45,1075.0666666666666,10319.593755,10330.390625,87.0,85.0,37.0,10.796870000000126,-2.0,0.0,1.0,0.0,0.0,0.0
405,1075.1,1076.6333333333334,10330.390625,10414.875005,85.0,68.6,92.0,84.48437999999987,-16.400000000000006,0.0,1.0,0.0,0.0,0.0
406,1077.1333333333334,1080.15,10414.875005,10556.687505,68.2,42.3,181.0,141.8125,-25.900000000000006,0.0,1.0,0.0,0.0,0.0
407,1080.1666666666667,1083.0333333333333,10556.687505,10556.687505,42.3,45.0,172.0,0.0,2.700000000000003,1.0,0.0,1.0,0.0,0.0
408,1083.0333333333333,1084.55,10556.687505,10612.296875,45.0,35.6,91.0,55.609370000000126,-9.399999999999999,0.0,1.0,0.0,0.0,0.0
409,1084.5666666666666,1085.0666666666666,10612.296875,10612.296875,35.6,67.0,30.0,0.0,31.4,1.0,0.0,0.0,0.0,1.0
410,1085.0666666666666,1085.6666666666667,10612.296875,10637.734375,67.0,62.3,36.0,25.4375,-4.700000000000003,0.0,1.0,0.0,0.0,0.0
411,1085.6666666666667,1102.0166666666667,10637.734375,10637.734375,62.3,81.5,981.0,0.0,19.200000000000003,1.0,0.0,1.0,0.0,0.0
412,1102.0166666666667,1104.6333333333334,10637.734375,10727.031255,81.5,65.4,157.0,89.29687999999987,-16.099999999999994,0.0,1.0,0.0,0.0,0.0
413,1104.65,1105.2,10727.031255,10727.031255,65.4,83.1,33.0,0.0,17.69999999999999,1.0,0.0,0.0,0.0,1.0
414,1105.2,1108.4833333333333,10727.031255,10846.750005,83.1,61.1,197.0,119.71875,-21.999999999999993,0.0,1.0,0.0,0.0,0.0
415,1108.75,1110.9666666666667,10846.750005,10940.234375,61.1,41.9,133.0,93.48437000000013,-19.200000000000003,0.0,1.0,0.0,0.0,0.0
416,1111.1,1112.85,10940.234375,11020.609375,41.9,26.2,105.0,80.375,-15.7,0.0,1.0,0.0,0.0,0.0
417,1113.8833333333334,1114.1166666666666,11020.609375,11029.625005,77.2,75.6,14.0,9.015629999999874,-1.6000000000000085,0.0,1.0,0.0,0.0,0.0
418,1112.8666666666666,1113.8833333333334,11020.609375,11020.609375,26.2,77.2,61.0,0.0,51.0,1.0,0.0,0.0,0.0,1.0
419,1114.1333333333334,1127.6833333333334,11029.625005,11029.625005,75.6,92.1,813.0,0.0,16.5,1.0,0.0,1.0,0.0,0.0
420,1127.6833333333334,1129.4833333333333,11029.625005,11095.171875,92.1,80.0,108.0,65.54687000000013,-12.099999999999994,0.0,1.0,0.0,0.0,0.0
421,1129.5166666666667,1129.6333333333334,11095.171875,11097.734375,80.0,78.8,7.0,2.5625,-1.2000000000000028,0.0,1.0,0.0,0.0,0.0
422,1129.8,1133.65,11097.734375,11292.640625,78.8,38.0,231.0,194.90625,-40.8,0.0,1.0,0.0,0.0,0.0
423,1133.8,1135.5666666666666,11292.640625,11382.765625,38.0,14.5,106.0,90.125,-23.5,0.0,1.0,0.0,0.0,0.0
424,1135.5833333333333,1136.6,11382.765625,11382.765625,14.5,64.3,61.0,0.0,49.8,1.0,0.0,0.0,0.0,1.0
425,1136.6,1136.8333333333333,11382.765625,11391.796875,64.3,61.9,14.0,9.03125,-2.3999999999999986,0.0,1.0,0.0,0.0,0.0
426,1136.85,1146.8333333333333,11391.796875,11391.796875,61.9,73.7,599.0,0.0,11.800000000000004,1.0,0.0,1.0,0.0,0.0
427,1146.8333333333333,1146.85,11391.796875,11392.093755,73.7,73.7,1.0,0.2968799999998737,0.0,0.0,1.0,0.0,0.0,0.0
428,1147.5666666666666,1147.7666666666667,11392.093755,11395.328125,73.3,72.1,12.0,3.2343700000001263,-1.2000000000000028,0.0,1.0,0.0,0.0,0.0
429,1148.05,1149.6,11395.328125,11445.781255,72.1,62.7,93.0,50.453129999999874,-9.399999999999991,0.0,1.0,0.0,0.0,0.0
430,1150.5,1150.8,11445.781255,11454.156255,62.7,60.3,18.0,8.375,-2.4000000000000057,0.0,1.0,0.0,0.0,0.0
431,1151.1166666666666,1153.4333333333334,11454.156255,11537.218755,60.0,42.3,139.0,83.0625,-17.700000000000003,0.0,1.0,0.0,0.0,0.0
432,1153.45,1153.9666666666667,11537.218755,11537.218755,42.3,70.5,31.0,0.0,28.200000000000003,1.0,0.0,0.0,0.0,1.0
433,1153.9666666666667,1157.0,11537.218755,11695.546875,70.5,35.2,182.0,158.32812000000013,-35.3,0.0,1.0,0.0,0.0,0.0
434,1157.0,1158.7666666666667,11695.546875,11695.546875,35.2,37.2,106.0,0.0,2.0,1.0,0.0,1.0,0.0,0.0
435,1158.7666666666667,1159.0,11695.546875,11704.328125,37.2,36.0,14.0,8.78125,-1.2000000000000028,0.0,1.0,0.0,0.0,0.0
436,1159.05,1159.4333333333334,11704.328125,11704.328125,36.0,54.5,23.0,0.0,18.5,1.0,0.0,0.0,0.0,1.0
437,1159.4333333333334,1159.65,11704.328125,11712.609375,54.5,52.1,13.0,8.28125,-2.3999999999999986,0.0,1.0,0.0,0.0,0.0
438,1159.6666666666667,1167.4,11712.609375,11712.609375,52.1,61.9,464.0,0.0,9.799999999999997,1.0,0.0,1.0,0.0,0.0
439,1167.4,1169.3,11712.609375,11815.796875,61.9,42.3,114.0,103.1875,-19.6,0.0,1.0,0.0,0.0,0.0
440,1169.8333333333333,1170.8833333333334,11815.796875,11847.750005,70.5,64.3,63.0,31.953129999999874,-6.200000000000003,0.0,1.0,0.0,0.0,0.0
441,1169.3166666666666,1169.8333333333333,11815.796875,11815.796875,42.3,70.5,31.0,0.0,28.200000000000003,1.0,0.0,0.0,0.0,1.0
442,1170.8833333333334,1175.9166666666667,11847.750005,11847.750005,64.3,70.1,302.0,0.0,5.799999999999997,1.0,0.0,1.0,0.0,0.0
443,1175.9166666666667,1176.2333333333333,11847.750005,11856.875005,70.1,69.0,19.0,9.125,-1.0999999999999943,0.0,1.0,0.0,0.0,0.0
444,1176.6833333333334,1176.95,11856.875005,11866.359375,69.0,67.4,16.0,9.484370000000126,-1.5999999999999943,0.0,1.0,0.0,0.0,0.0
445,1176.95,1177.1333333333334,11866.359375,11871.433945,67.4,67.0,11.0,5.074570000000676,-0.4000000000000057,0.0,1.0,0.0,0.0,0.0
446,1177.1333333333334,1177.3666666666666,11871.433945,11871.433945,67.0,67.4,14.0,0.0,0.4000000000000057,1.0,0.0,1.0,0.0,0.0
447,1177.3666666666666,1179.15,11871.433945,11917.781255,67.4,58.8,107.0,46.3473099999992,-8.600000000000009,0.0,1.0,0.0,0.0,0.0
448,1179.1666666666667,1179.4166666666667,11917.781255,11919.515625,58.8,58.4,15.0,1.7343700000001263,-0.3999999999999986,0.0,1.0,0.0,0.0,0.0
449,1179.4166666666667,1179.65,11919.515625,11926.968755,58.4,56.8,14.0,7.453129999999874,-1.6000000000000014,0.0,1.0,0.0,0.0,0.0
450,1179.7166666666667,1182.0666666666666,11926.968755,12023.359375,56.8,37.2,141.0,96.39062000000013,-19.599999999999994,0.0,1.0,0.0,0.0,0.0
451,1182.0833333333333,1191.3833333333334,12023.359375,12023.359375,37.2,49.0,558.0,0.0,11.799999999999997,1.0,0.0,1.0,0.0,0.0
452,1191.3833333333334,1191.6666666666667,12023.359375,12033.078125,49.0,47.8,17.0,9.71875,-1.2000000000000028,0.0,1.0,0.0,0.0,0.0
453,1191.7,1193.1,12033.078125,12079.656255,47.8,39.2,84.0,46.578129999999874,-8.599999999999994,0.0,1.0,0.0,0.0,0.0
454,1193.1,1195.9,12079.656255,12079.656255,39.2,42.3,168.0,0.0,3.0999999999999943,1.0,0.0,1.0,0.0,0.0
455,1195.9,1196.55,12079.656255,12117.109375,42.3,35.6,39.0,37.453120000000126,-6.699999999999996,0.0,1.0,0.0,0.0,0.0
456,1196.6166666666666,1197.1666666666667,12117.109375,12145.031255,35.2,29.8,33.0,27.921879999999874,-5.400000000000002,0.0,1.0,0.0,0.0,0.0
457,1197.3666666666666,1197.85,12145.031255,12165.812505,29.8,27.0,29.0,20.78125,-2.8000000000000007,0.0,1.0,0.0,0.0,0.0
458,1197.9,1198.5833333333333,12165.812505,12195.312505,27.0,20.7,41.0,29.5,-6.300000000000001,0.0,1.0,0.0,0.0,0.0
459,1199.3166666666666,1199.75,12201.437505,12201.437505,20.3,33.3,26.0,0.0,12.999999999999996,1.0,0.0,0.0,0.0,1.0
460,1199.75,1200.0333333333333,12201.437505,12212.671875,33.3,31.7,17.0,11.234370000000126,-1.5999999999999979,0.0,1.0,0.0,0.0,0.0
461,1200.5333333333333,1201.2,12212.671875,12231.000005,31.7,29.0,40.0,18.328129999999874,-2.6999999999999993,0.0,1.0,0.0,0.0,0.0
462,1201.2166666666667,1204.0166666666667,12231.000005,12231.000005,29.0,54.1,168.0,0.0,25.1,1.0,0.0,0.0,1.0,0.0
463,1204.0166666666667,1204.0333333333333,12231.000005,12231.218755,54.1,54.1,1.0,0.21875,0.0,0.0,1.0,0.0,0.0,0.0
464,1206.3166666666666,1206.5666666666666,12231.218755,12243.718755,52.1,49.4,15.0,12.5,-2.700000000000003,0.0,1.0,0.0,0.0,0.0
465,1213.35,1216.2,12243.718755,12381.296875,57.2,26.6,171.0,137.57812000000013,-30.6,0.0,1.0,0.0,0.0,0.0
466,1206.5666666666666,1213.35,12243.718755,12243.718755,49.4,57.2,407.0,0.0,7.800000000000004,1.0,0.0,1.0,0.0,0.0
467,1216.25,1216.5,12381.296875,12390.734375,26.6,24.7,15.0,9.4375,-1.9000000000000021,0.0,1.0,0.0,0.0,0.0
468,1216.5166666666667,1217.5333333333333,12390.734375,12390.734375,24.7,77.6,61.0,0.0,52.89999999999999,1.0,0.0,0.0,0.0,1.0
469,1217.5333333333333,1218.2166666666667,12390.734375,12410.484375,77.6,73.7,41.0,19.75,-3.8999999999999915,0.0,1.0,0.0,0.0,0.0
470,1218.2333333333333,1219.3,12410.484375,12449.968755,73.7,66.2,64.0,39.484379999999874,-7.5,0.0,1.0,0.0,0.0,0.0
471,1219.4666666666667,1221.55,12449.968755,12548.062505,65.8,47.0,125.0,98.09375,-18.799999999999997,0.0,1.0,0.0,0.0,0.0
472,1221.5666666666666,1222.9333333333334,12548.062505,12548.062505,47.0,48.2,82.0,0.0,1.2000000000000028,1.0,0.0,1.0,0.0,0.0
473,1222.9333333333334,1223.4666666666667,12548.062505,12563.437505,48.2,46.2,32.0,15.375,-2.0,0.0,1.0,0.0,0.0,0.0
474,1224.85,1225.1666666666667,12568.812505,12580.906255,44.7,41.5,19.0,12.09375,-3.200000000000003,0.0,1.0,0.0,0.0,0.0
475,1225.2166666666667,1225.9666666666667,12580.906255,12580.906255,41.5,42.3,45.0,0.0,0.7999999999999972,1.0,0.0,1.0,0.0,0.0
476,1225.9666666666667,1226.25,12580.906255,12591.046875,42.3,40.7,17.0,10.140620000000126,-1.5999999999999943,0.0,1.0,0.0,0.0,0.0
477,1226.5,1226.6333333333334,12591.046875,12594.875005,40.7,40.3,8.0,3.8281299999998737,-0.4000000000000057,0.0,1.0,0.0,0.0,0.0
478,1228.2666666666667,1228.5166666666667,12594.875005,12606.843755,37.6,34.9,15.0,11.96875,-2.700000000000003,0.0,1.0,0.0,0.0,0.0
479,1229.0333333333333,1229.0833333333333,12610.312505,12612.628045,34.9,34.5,3.0,2.3155399999996007,-0.3999999999999986,0.0,1.0,0.0,0.0,0.0
480,1229.0833333333333,1239.3,12612.628045,12612.628045,34.5,47.0,613.0,0.0,12.5,1.0,0.0,1.0,0.0,0.0
481,1239.3,1241.4166666666667,12612.628045,12717.156255,47.0,29.0,127.0,104.5282100000004,-18.0,0.0,1.0,0.0,0.0,0.0
482,1241.75,1243.6666666666667,12717.156255,12792.250005,28.6,15.2,115.0,75.09375,-13.400000000000002,0.0,1.0,0.0,0.0,0.0
483,1243.6666666666667,1243.8333333333333,12792.250005,12792.250005,15.2,16.0,10.0,0.0,0.8000000000000007,1.0,0.0,0.0,1.0,0.0
484,1243.8333333333333,1243.8666666666666,12792.250005,12792.609375,16.0,16.0,2.0,0.3593700000001263,0.0,0.0,1.0,0.0,0.0,0.0
485,1243.8833333333334,1244.4166666666667,12792.609375,12792.609375,16.0,49.0,32.0,0.0,33.0,1.0,0.0,0.0,0.0,1.0
486,1244.4166666666667,1245.25,12792.609375,12822.406255,49.0,43.9,50.0,29.796879999999874,-5.100000000000001,0.0,1.0,0.0,0.0,0.0
487,1245.9666666666667,1246.8833333333334,12822.406255,12853.968755,43.9,38.8,55.0,31.5625,-5.100000000000001,0.0,1.0,0.0,0.0,0.0
488,1247.2333333333333,1248.0333333333333,12853.968755,12886.171875,39.6,34.1,48.0,32.203120000000126,-5.5,0.0,1.0,0.0,0.0,0.0
489,1246.9,1247.2333333333333,12853.968755,12853.968755,38.8,39.6,20.0,0.0,0.8000000000000043,1.0,0.0,0.0,1.0,0.0
490,1248.35,1248.7666666666667,12886.171875,12898.031255,34.1,32.5,25.0,11.859379999999874,-1.6000000000000014,0.0,1.0,0.0,0.0,0.0
491,1248.7833333333333,1250.6166666666666,12898.031255,12898.031255,32.5,48.6,110.0,0.0,16.1,1.0,0.0,0.0,1.0,0.0
492,1250.6166666666666,1250.6333333333334,12898.031255,12898.250005,48.6,48.6,1.0,0.21875,0.0,0.0,1.0,0.0,0.0,0.0
493,1257.1,1257.3666666666666,12898.265625,12910.781255,46.2,44.3,16.0,12.515629999999874,-1.9000000000000057,0.0,1.0,0.0,0.0,0.0
494,1257.3666666666666,1263.3833333333334,12910.781255,12910.781255,44.3,50.9,361.0,0.0,6.600000000000001,1.0,0.0,1.0,0.0,0.0
495,1263.3833333333334,1265.4166666666667,12910.781255,13001.546875,50.9,34.5,122.0,90.76562000000013,-16.4,0.0,1.0,0.0,0.0,0.0
496,1265.4333333333334,1265.9666666666667,13001.546875,13001.546875,34.5,67.0,32.0,0.0,32.5,1.0,0.0,0.0,0.0,1.0
497,1265.9666666666667,1266.25,13001.546875,13008.687505,67.0,66.2,17.0,7.140629999999874,-0.7999999999999972,0.0,1.0,0.0,0.0,0.0
498,1266.3833333333334,1267.2333333333333,13008.687505,13049.375005,65.8,58.8,51.0,40.6875,-7.0,0.0,1.0,0.0,0.0,0.0
499,1267.8833333333334,1270.3666666666666,13049.375005,13114.484375,58.8,45.4,149.0,65.10937000000013,-13.399999999999999,0.0,1.0,0.0,0.0,0.0
500,1271.9166666666667,1272.8166666666666,13114.484375,13142.250005,47.0,42.3,54.0,27.765629999999874,-4.700000000000003,0.0,1.0,0.0,0.0,0.0
501,1270.3833333333334,1271.9166666666667,13114.484375,13114.484375,45.4,47.0,92.0,0.0,1.6000000000000014,1.0,0.0,1.0,0.0,0.0
502,1275.4833333333333,1276.45,13142.250005,13158.015625,39.2,36.0,58.0,15.765620000000126,-3.200000000000003,0.0,1.0,0.0,0.0,0.0
503,1276.5,1276.9833333333333,13158.015625,13182.765625,36.0,31.7,29.0,24.75,-4.300000000000001,0.0,1.0,0.0,0.0,0.0
504,1277.4666666666667,1277.6333333333334,13182.765625,13193.171875,31.3,29.8,10.0,10.40625,-1.5,0.0,1.0,0.0,0.0,0.0
505,1277.6833333333334,1278.1833333333334,13193.171875,13193.171875,29.8,64.3,30.0,0.0,34.5,1.0,0.0,0.0,0.0,1.0
506,1278.1833333333334,1279.8666666666666,13193.171875,13247.625005,64.3,53.3,101.0,54.453129999999874,-11.0,0.0,1.0,0.0,0.0,0.0
507,1279.8666666666666,1288.9833333333333,13247.625005,13247.625005,53.3,64.7,547.0,0.0,11.400000000000006,1.0,0.0,1.0,0.0,0.0
508,1288.9833333333333,1289.2666666666667,13247.625005,13256.281255,64.7,63.1,17.0,8.65625,-1.6000000000000014,0.0,1.0,0.0,0.0,0.0
509,1289.4166666666667,1291.1,13256.281255,13317.609375,62.7,52.1,101.0,61.328120000000126,-10.600000000000001,0.0,1.0,0.0,0.0,0.0
510,1291.1333333333334,1291.2333333333333,13317.609375,13320.187505,52.1,51.3,6.0,2.5781299999998737,-0.8000000000000043,0.0,1.0,0.0,0.0,0.0
511,1291.2333333333333,1292.15,13320.187505,13320.187505,51.3,51.7,55.0,0.0,0.4000000000000057,1.0,0.0,1.0,0.0,0.0
512,1292.15,1292.1833333333334,13320.187505,13320.531255,51.7,51.7,2.0,0.34375,0.0,0.0,1.0,0.0,0.0,0.0
513,1292.9,1292.9166666666667,13320.531255,13321.046875,51.7,51.7,1.0,0.5156200000001263,0.0,0.0,1.0,0.0,0.0,0.0
514,1292.9333333333334,1295.0833333333333,13321.046875,13321.046875,51.7,54.1,129.0,0.0,2.3999999999999986,1.0,0.0,1.0,0.0,0.0
515,1295.0833333333333,1299.8666666666666,13321.046875,13487.515625,54.1,23.1,287.0,166.46875,-31.0,0.0,1.0,0.0,0.0,0.0
516,1299.9333333333334,1300.4666666666667,13487.515625,13487.515625,23.1,53.7,32.0,0.0,30.6,1.0,0.0,0.0,0.0,1.0
517,1300.4666666666667,1304.65,13487.515625,13708.703125,53.7,12.5,251.0,221.1875,-41.2,0.0,1.0,0.0,0.0,0.0
518,1304.6666666666667,1305.6833333333334,13708.703125,13708.703125,12.5,61.5,61.0,0.0,49.0,1.0,0.0,0.0,0.0,1.0
519,1305.6833333333334,1305.9333333333334,13708.703125,13717.718755,61.5,59.6,15.0,9.015629999999874,-1.8999999999999986,0.0,1.0,0.0,0.0,0.0
520,1305.9333333333334,1313.6333333333334,13717.718755,13717.718755,59.6,69.0,462.0,0.0,9.399999999999999,1.0,0.0,1.0,0.0,0.0
521,1313.6333333333334,1315.8666666666666,13717.718755,13843.875005,69.0,41.9,134.0,126.15625,-27.1,0.0,1.0,0.0,0.0,0.0
522,1316.0833333333333,1318.5833333333333,13843.875005,13969.890625,41.5,14.9,150.0,126.01562000000013,-26.6,0.0,1.0,0.0,0.0,0.0
523,1319.1166666666666,1319.85,13969.890625,14013.843755,44.3,34.9,44.0,43.953129999999874,-9.399999999999999,0.0,1.0,0.0,0.0,0.0
524,1318.6,1319.1166666666666,13969.890625,13969.890625,14.9,44.3,31.0,0.0,29.4,1.0,0.0,0.0,0.0,1.0
525,1320.8666666666666,1321.1,14013.843755,14022.859375,84.3,81.9,14.0,9.015620000000126,-2.3999999999999915,0.0,1.0,0.0,0.0,0.0
526,1319.8666666666666,1320.8666666666666,14013.843755,14013.843755,34.9,84.3,60.0,0.0,49.4,1.0,0.0,0.0,0.0,1.0
527,1321.1166666666666,1321.7666666666667,14022.859375,14022.859375,81.9,82.3,39.0,0.0,0.3999999999999915,1.0,0.0,1.0,0.0,0.0
528,1321.7666666666667,1324.2666666666667,14022.859375,14161.312505,82.3,54.1,150.0,138.45312999999987,-28.199999999999996,0.0,1.0,0.0,0.0,0.0
529,1324.3666666666666,1324.4333333333334,14161.312505,14163.140625,54.1,54.1,4.0,1.8281200000001263,0.0,0.0,1.0,0.0,0.0,0.0
530,1324.6166666666666,1327.2166666666667,14163.140625,14320.328125,53.7,20.7,156.0,157.1875,-33.0,0.0,1.0,0.0,0.0,0.0
531,1327.25,1328.25,14320.328125,14320.328125,20.7,69.8,60.0,0.0,49.099999999999994,1.0,0.0,0.0,0.0,1.0
532,1328.25,1328.5,14320.328125,14329.343755000002,69.8,67.8,15.0,9.015630000001693,-2.0,0.0,1.0,0.0,0.0,0.0
533,1328.5166666666667,1335.3333333333333,14329.343755000002,14329.343755000002,67.8,76.0,409.0,0.0,8.200000000000003,1.0,0.0,1.0,0.0,0.0
534,1335.3333333333333,1339.65,14329.343755000002,14621.796875,76.0,16.8,259.0,292.4531199999983,-59.2,0.0,1.0,0.0,0.0,0.0
535,1339.6833333333334,1340.2,14621.796875,14621.796875,16.8,46.2,31.0,0.0,29.400000000000002,1.0,0.0,0.0,0.0,1.0
536,1340.2,1341.0666666666666,14621.796875,14665.312505000002,46.2,38.0,52.0,43.51563000000169,-8.200000000000003,0.0,1.0,0.0,0.0,0.0
537,1342.0166666666667,1344.2,14665.312505000002,14711.734375,45.8,34.5,131.0,46.42186999999831,-11.299999999999997,0.0,1.0,0.0,0.0,0.0
538,1341.0833333333333,1342.0166666666667,14665.312505000002,14665.312505000002,38.0,45.8,56.0,0.0,7.799999999999997,1.0,0.0,0.0,1.0,0.0
539,1344.2166666666667,1344.75,14711.734375,14711.734375,34.5,63.5,32.0,0.0,29.0,1.0,0.0,0.0,0.0,1.0
540,1344.75,1346.7666666666667,14711.734375,14769.703125,63.5,49.0,121.0,57.96875,-14.5,0.0,1.0,0.0,0.0,0.0
541,1346.8,1359.3333333333333,14769.703125,14769.703125,49.0,63.1,752.0,0.0,14.100000000000001,1.0,0.0,1.0,0.0,0.0
542,1359.3333333333333,1361.6333333333334,14769.703125,14859.000005000002,63.1,47.8,138.0,89.29688000000169,-15.300000000000004,0.0,1.0,0.0,0.0,0.0
543,1361.65,1362.4166666666667,14859.000005000002,14895.609375,47.8,41.1,46.0,36.60936999999831,-6.699999999999996,0.0,1.0,0.0,0.0,0.0
544,1362.65,1367.3166666666666,14897.765625,14897.765625,41.1,45.8,280.0,0.0,4.699999999999996,1.0,0.0,1.0,0.0,0.0
545,1367.3166666666666,1371.4,14897.765625,15038.234375,45.8,21.9,245.0,140.46875,-23.9,0.0,1.0,0.0,0.0,0.0
546,1371.4166666666667,1371.9333333333334,15038.234375,15038.234375,21.9,52.9,31.0,0.0,31.0,1.0,0.0,0.0,0.0,1.0
547,1371.9333333333334,1372.45,15038.234375,15056.296875,52.9,49.8,31.0,18.0625,-3.1000000000000014,0.0,1.0,0.0,0.0,0.0
548,1383.35,1386.1,15056.296875,15191.890625,62.7,38.0,165.0,135.59375,-24.700000000000003,0.0,1.0,0.0,0.0,0.0
549,1372.4666666666667,1383.35,15056.296875,15056.296875,49.8,62.7,653.0,0.0,12.900000000000006,1.0,0.0,1.0,0.0,0.0
550,1386.1,1387.5333333333333,15191.890625,15191.890625,38.0,39.2,86.0,0.0,1.2000000000000028,1.0,0.0,1.0,0.0,0.0
551,1387.5333333333333,1388.5166666666667,15191.890625,15235.468755000002,39.2,32.1,59.0,43.57813000000169,-7.100000000000001,0.0,1.0,0.0,0.0,0.0
552,1389.1,1390.55,15235.468755000002,15315.906255000002,64.7,41.1,87.0,80.4375,-23.6,0.0,1.0,0.0,0.0,0.0
553,1390.8166666666666,1395.4333333333334,15315.906255000002,15478.593755000002,41.1,18.0,277.0,162.6875,-23.1,0.0,1.0,0.0,0.0,0.0
554,1395.45,1395.9666666666667,15478.593755000002,15478.593755000002,18.0,47.4,31.0,0.0,29.4,1.0,0.0,0.0,0.0,1.0
555,1395.9666666666667,1396.2833333333333,15478.593755000002,15478.906255000002,47.4,47.4,19.0,0.3125,0.0,0.0,1.0,0.0,0.0,0.0
556,1396.6166666666666,1397.1333333333334,15478.906255000002,15499.500005000002,46.6,43.5,31.0,20.59375,-3.1000000000000014,0.0,1.0,0.0,0.0,0.0
557,1397.15,1407.3833333333334,15499.500005000002,15499.500005000002,43.5,56.0,614.0,0.0,12.5,1.0,0.0,1.0,0.0,0.0
558,1407.3833333333334,1409.95,15499.500005000002,15611.109375,56.0,36.8,154.0,111.60936999999831,-19.200000000000003,0.0,1.0,0.0,0.0,0.0
559,1410.4833333333333,1411.3333333333333,15611.109375,15644.765625,68.2,62.7,51.0,33.65625,-5.5,0.0,1.0,0.0,0.0,0.0
560,1409.9666666666667,1410.4833333333333,15611.109375,15611.109375,36.8,68.2,31.0,0.0,31.400000000000006,1.0,0.0,0.0,0.0,1.0
561,1411.4,1414.8,15644.765625,15773.234375,61.9,39.2,204.0,128.46875,-22.699999999999996,0.0,1.0,0.0,0.0,0.0
562,1414.8166666666666,1415.3333333333333,15773.234375,15773.234375,39.2,69.0,31.0,0.0,29.799999999999997,1.0,0.0,0.0,0.0,1.0
563,1415.3333333333333,1415.4,15773.234375,15774.609375,69.0,69.0,4.0,1.375,0.0,0.0,1.0,0.0,0.0,0.0
564,1415.4166666666667,1415.5833333333333,15774.609375,15774.609375,69.0,69.8,10.0,0.0,0.7999999999999972,1.0,0.0,0.0,1.0,0.0
565,1415.5833333333333,1418.5166666666667,15774.609375,15862.625005000002,69.8,54.5,176.0,88.01563000000169,-15.299999999999997,0.0,1.0,0.0,0.0,0.0
566,1418.55,1418.6666666666667,15862.625005000002,15864.890625,54.5,53.3,7.0,2.2656199999983073,-1.2000000000000028,0.0,1.0,0.0,0.0,0.0
567,1419.3333333333333,1420.1666666666667,15864.890625,15889.750005000002,53.3,49.0,50.0,24.859380000001693,-4.299999999999997,0.0,1.0,0.0,0.0,0.0
568,1421.2333333333333,1421.2666666666667,15928.625005000002,15929.156255000002,41.1,41.1,2.0,0.53125,0.0,0.0,1.0,0.0,0.0,0.0
569,1421.2666666666667,1431.35,15929.156255000002,15929.156255000002,41.1,53.7,605.0,0.0,12.600000000000001,1.0,0.0,1.0,0.0,0.0
570,1431.35,1434.0333333333333,15929.156255000002,16037.546875,53.7,34.1,161.0,108.39061999999831,-19.6,0.0,1.0,0.0,0.0,0.0
571,1434.0333333333333,1439.3666666666666,16037.546875,16037.546875,34.1,40.3,320.0,0.0,6.199999999999996,1.0,0.0,1.0,0.0,0.0
572,1439.3666666666666,1442.3666666666666,16037.546875,16129.234375,40.3,23.5,180.0,91.6875,-16.799999999999997,0.0,1.0,0.0,0.0,0.0
573,1442.5166666666667,1442.5333333333333,16129.234375,16129.375005000002,23.5,23.5,1.0,0.14063000000169268,0.0,0.0,1.0,0.0,0.0,0.0
574,1442.5333333333333,1442.5666666666666,16129.375005000002,16129.562505000002,23.5,23.5,2.0,0.1875,0.0,0.0,1.0,0.0,0.0,0.0
575,1442.5833333333333,1443.1166666666666,16129.562505000002,16129.562505000002,23.5,52.1,32.0,0.0,28.6,1.0,0.0,0.0,0.0,1.0
576,1443.1166666666666,1445.6166666666666,16129.562505000002,16239.046875,52.1,30.5,150.0,109.48436999999831,-21.6,0.0,1.0,0.0,0.0,0.0
577,1445.65,1446.1666666666667,16239.046875,16239.046875,30.5,61.9,31.0,0.0,31.4,1.0,0.0,0.0,0.0,1.0
578,1446.1666666666667,1446.65,16239.046875,16255.500005000002,61.9,58.8,29.0,16.453130000001693,-3.1000000000000014,0.0,1.0,0.0,0.0,0.0
579,1446.7333333333333,1446.8333333333333,16255.500005000002,16258.093755000002,58.8,58.0,6.0,2.59375,-0.7999999999999972,0.0,1.0,0.0,0.0,0.0
580,1446.8333333333333,1457.3833333333334,16258.093755000002,16258.093755000002,58.0,70.1,633.0,0.0,12.099999999999994,1.0,0.0,1.0,0.0,0.0
581,1457.3833333333334,1458.9333333333334,16258.093755000002,16372.109375,70.1,46.6,93.0,114.01561999999831,-23.499999999999993,0.0,1.0,0.0,0.0,0.0
582,1459.1666666666667,1460.1666666666667,16374.640625,16425.765625,45.8,34.1,60.0,51.125,-11.699999999999996,0.0,1.0,0.0,0.0,0.0
583,1460.5833333333333,1461.5,16427.078125,16502.328125,33.3,17.2,55.0,75.25,-16.099999999999998,0.0,1.0,0.0,0.0,0.0
584,1462.05,1463.0833333333333,16502.328125,16547.500005,42.7,31.7,62.0,45.17188000000169,-11.000000000000004,0.0,1.0,0.0,0.0,0.0
585,1461.5333333333333,1462.05,16502.328125,16502.328125,17.2,42.7,31.0,0.0,25.500000000000004,1.0,0.0,0.0,0.0,1.0
586,1463.5666666666666,1464.05,16547.500005,16560.984375,31.3,28.6,29.0,13.484369999998307,-2.6999999999999993,0.0,1.0,0.0,0.0,0.0
587,1464.5,1464.7833333333333,16560.984375,16568.828125,28.6,26.2,17.0,7.84375,-2.400000000000002,0.0,1.0,0.0,0.0,0.0
588,1465.4666666666667,1465.7,16568.828125,16574.078125,25.8,24.3,14.0,5.25,-1.5,0.0,1.0,0.0,0.0,0.0
589,1671.3833333333334,1673.5,16574.078125,16671.109375,100.0,80.3,127.0,97.03125,-19.700000000000003,0.0,1.0,0.0,0.0,0.0
590,1673.5333333333333,1673.7166666666667,16671.109375,16678.453125,80.3,78.8,11.0,7.34375,-1.5,0.0,1.0,0.0,0.0,0.0
591,1679.6166666666666,1680.9,16678.453125,16729.671875,78.0,67.8,77.0,51.21875,-10.200000000000003,0.0,1.0,0.0,0.0,0.0
592,1681.9,1695.35,16762.546875,16762.546875,60.7,76.4,807.0,0.0,15.700000000000003,1.0,0.0,1.0,0.0,0.0
593,1695.35,1697.7666666666667,16762.546875,16874.546875,76.4,57.2,145.0,112.0,-19.200000000000003,0.0,1.0,0.0,0.0,0.0
594,1697.7833333333333,1697.8833333333334,16874.546875,16877.125005,57.2,56.8,6.0,2.5781300000016927,-0.4000000000000057,0.0,1.0,0.0,0.0,0.0
595,1704.0833333333333,1706.9666666666667,17019.468755,17115.171875,30.5,11.7,173.0,95.70311999999831,-18.8,0.0,1.0,0.0,0.0,0.0
596,1707.5166666666667,1709.7333333333333,17115.171875,17214.687505,41.1,22.7,133.0,99.51563000000169,-18.400000000000002,0.0,1.0,0.0,0.0,0.0
597,1707.0,1707.5166666666667,17115.171875,17115.171875,11.7,41.1,31.0,0.0,29.400000000000002,1.0,0.0,0.0,0.0,1.0
598,1709.75,1710.25,17214.687505,17214.687505,22.7,53.3,30.0,0.0,30.599999999999998,1.0,0.0,0.0,0.0,1.0
599,1710.25,1710.6666666666667,17214.687505,17234.968755,53.3,49.4,25.0,20.28125,-3.8999999999999986,0.0,1.0,0.0,0.0,0.0
600,1710.6666666666667,1722.1166666666666,17234.968755,17234.968755,49.4,63.5,687.0,0.0,14.100000000000001,1.0,0.0,1.0,0.0,0.0
601,1722.1166666666666,1722.3833333333334,17234.968755,17243.046875,63.5,61.9,16.0,8.078119999998307,-1.6000000000000014,0.0,1.0,0.0,0.0,0.0
602,1722.55,1722.5833333333333,17243.046875,17243.093755,61.9,61.9,2.0,0.04688000000169268,0.0,0.0,1.0,0.0,0.0,0.0
603,1723.3333333333333,1723.65,17243.093755,17251.359375,61.9,60.3,19.0,8.265619999998307,-1.6000000000000014,0.0,1.0,0.0,0.0,0.0
604,1725.8666666666666,1726.3833333333334,17298.984375,17298.984375,51.3,76.8,31.0,0.0,25.5,1.0,0.0,0.0,0.0,1.0
605,1726.3833333333334,1729.3333333333333,17298.984375,17437.437505,76.8,52.1,177.0,138.4531300000017,-24.699999999999996,0.0,1.0,0.0,0.0,0.0
606,1730.6166666666666,1730.7333333333333,17443.171875,17447.812505,51.3,50.9,7.0,4.640630000001693,-0.3999999999999986,0.0,1.0,0.0,0.0,0.0
607,1731.6,1731.75,17458.015625,17462.734375,49.0,48.2,9.0,4.71875,-0.7999999999999972,0.0,1.0,0.0,0.0,0.0
608,1731.9166666666667,1732.3666666666666,17462.734375,17473.062505,48.2,45.0,27.0,10.328130000001693,-3.200000000000003,0.0,1.0,0.0,0.0,0.0
609,1732.3666666666666,1732.6166666666666,17473.062505,17473.093755,45.0,45.0,15.0,0.03125,0.0,0.0,1.0,0.0,0.0,0.0
610,1732.6166666666666,1732.9333333333334,17473.093755,17481.765625,45.0,43.9,19.0,8.671869999998307,-1.1000000000000014,0.0,1.0,0.0,0.0,0.0
611,1732.9833333333333,1733.7333333333333,17481.765625,17481.765625,43.9,80.0,45.0,0.0,36.1,1.0,0.0,0.0,0.0,1.0
612,1733.7333333333333,1734.2333333333333,17481.765625,17497.703125,80.0,77.6,30.0,15.9375,-2.4000000000000057,0.0,1.0,0.0,0.0,0.0
613,1748.5666666666666,1748.95,17497.703125,17513.000005,75.2,72.5,23.0,15.296880000001693,-2.700000000000003,0.0,1.0,0.0,0.0,0.0
614,1749.0833333333333,1749.45,17513.000005,17525.390625,72.5,70.9,22.0,12.390619999998307,-1.5999999999999943,0.0,1.0,0.0,0.0,0.0
615,1749.45,1751.2333333333333,17525.390625,17566.500005,70.9,63.5,107.0,41.10938000000169,-7.400000000000006,0.0,1.0,0.0,0.0,0.0
616,1751.2333333333333,1753.1,17566.500005,17626.875005,63.5,51.3,112.0,60.375,-12.200000000000003,0.0,1.0,0.0,0.0,0.0
617,1753.25,1755.4833333333333,17629.390625,17629.390625,51.3,53.7,134.0,0.0,2.4000000000000057,1.0,0.0,1.0,0.0,0.0
618,1755.4833333333333,1756.0666666666666,17629.390625,17649.078125,53.7,50.9,35.0,19.6875,-2.8000000000000043,0.0,1.0,0.0,0.0,0.0
619,1756.45,1756.8666666666666,17649.078125,17663.796875,52.5,49.8,25.0,14.71875,-2.700000000000003,0.0,1.0,0.0,0.0,0.0
620,1756.0833333333333,1756.45,17649.078125,17649.078125,50.9,52.5,22.0,0.0,1.6000000000000014,1.0,0.0,0.0,1.0,0.0
621,1756.8666666666666,1767.7166666666667,17663.740625,17663.796875,49.8,63.1,651.0,0.05625000000145519,13.300000000000004,1.0,0.0,1.0,0.0,0.0
622,1767.7166666666667,1771.9666666666667,17663.740625,17844.921875,63.1,31.7,255.0,181.18125000000146,-31.400000000000002,0.0,1.0,0.0,0.0,0.0
623,1772.3833333333334,1773.5333333333333,17844.921875,17901.187505,31.7,22.7,69.0,56.26563000000169,-9.0,0.0,1.0,0.0,0.0,0.0
624,1773.5333333333333,1773.7333333333333,17901.187505,17901.187505,22.7,23.9,12.0,0.0,1.1999999999999993,1.0,0.0,0.0,1.0,0.0
625,1773.7333333333333,1773.7833333333333,17901.187505,17902.453125,23.9,23.9,3.0,1.2656199999983073,0.0,0.0,1.0,0.0,0.0,0.0
626,1773.8,1774.3166666666666,17902.453125,17902.453125,23.9,56.0,31.0,0.0,32.1,1.0,0.0,0.0,0.0,1.0
627,1774.3166666666666,1775.6666666666667,17902.453125,17945.546875,56.0,47.4,81.0,43.09375,-8.600000000000001,0.0,1.0,0.0,0.0,0.0
628,1775.9666666666667,1776.4166666666667,17945.546875,17954.921875,46.6,45.8,27.0,9.375,-0.8000000000000043,0.0,1.0,0.0,0.0,0.0
629,1777.6333333333334,1777.8666666666666,17954.921875,17957.984375,42.3,41.1,14.0,3.0625,-1.1999999999999957,0.0,1.0,0.0,0.0,0.0
630,1779.1666666666667,1779.5833333333333,17957.984375,17971.296875,40.3,38.8,25.0,13.3125,-1.5,0.0,1.0,0.0,0.0,0.0
631,1779.6333333333334,1779.75,17971.296875,17974.437505,38.8,38.4,7.0,3.1406300000016927,-0.3999999999999986,0.0,1.0,0.0,0.0,0.0
632,1779.9333333333334,1780.4666666666667,17974.437505,17989.718755,38.4,35.2,32.0,15.28125,-3.1999999999999957,0.0,1.0,0.0,0.0,0.0
633,1780.4666666666667,1791.3666666666666,17989.718755,17989.718755,35.2,49.0,654.0,0.0,13.799999999999997,1.0,0.0,1.0,0.0,0.0
634,1791.3666666666666,1793.9833333333333,17989.718755,18100.343755,49.0,28.2,157.0,110.625,-20.8,0.0,1.0,0.0,0.0,0.0
635,1794.0,1796.3,18100.343755,18100.343755,28.2,30.5,138.0,0.0,2.3000000000000007,1.0,0.0,1.0,0.0,0.0
636,1796.3,1797.1833333333334,18100.343755,18141.734375,30.5,24.7,53.0,41.39061999999831,-5.800000000000001,0.0,1.0,0.0,0.0,0.0
637,1797.2,1797.7166666666667,18141.734375,18141.734375,24.7,57.2,31.0,0.0,32.5,1.0,0.0,0.0,0.0,1.0
638,1797.7166666666667,1798.6833333333334,18141.734375,18160.718755,57.2,52.5,58.0,18.984380000001693,-4.700000000000003,0.0,1.0,0.0,0.0,0.0
639,1798.7,1799.2166666666667,18160.718755,18160.718755,52.5,80.3,31.0,0.0,27.799999999999997,1.0,0.0,0.0,0.0,1.0
640,1799.2166666666667,1804.35,18160.718755,18406.718755,80.3,30.1,308.0,246.0,-50.199999999999996,0.0,1.0,0.0,0.0,0.0
641,1804.3666666666666,1804.8833333333334,18406.718755,18406.718755,30.1,60.7,31.0,0.0,30.6,1.0,0.0,0.0,0.0,1.0
642,1804.8833333333334,1807.05,18406.718755,18519.796875,60.7,37.6,130.0,113.07811999999831,-23.1,0.0,1.0,0.0,0.0,0.0
643,1807.1333333333334,1808.2333333333333,18519.796875,18594.437505,37.6,20.0,66.0,74.64063000000169,-17.6,0.0,1.0,0.0,0.0,0.0
644,1808.25,1816.4333333333334,18594.437505,18594.437505,20.0,30.1,491.0,0.0,10.100000000000001,1.0,0.0,1.0,0.0,0.0
645,1816.4333333333334,1817.7,18594.437505,18668.265625,30.1,16.4,76.0,73.82811999999831,-13.700000000000003,0.0,1.0,0.0,0.0,0.0
646,1817.7,1818.2166666666667,18668.265625,18668.265625,16.4,47.0,31.0,0.0,30.6,1.0,0.0,0.0,0.0,1.0
647,1818.2166666666667,1822.4666666666667,18668.265625,18838.218755,47.0,16.4,255.0,169.9531300000017,-30.6,0.0,1.0,0.0,0.0,0.0
648,1822.8,1823.8166666666666,18838.218755,18888.562505,16.4,5.4,61.0,50.34375,-10.999999999999998,0.0,1.0,0.0,0.0,0.0
649,1824.2333333333333,1824.7833333333333,18888.968755,18888.968755,5.4,9.8,33.0,0.0,4.4,1.0,0.0,0.0,1.0,0.0
650,1824.7833333333333,1825.2,18888.968755,18907.390625,9.8,6.2,25.0,18.421869999998307,-3.6000000000000005,0.0,1.0,0.0,0.0,0.0
651,1825.2166666666667,1825.4333333333334,18907.390625,18913.078125,62.0,54.0,13.0,5.6875,-8.0,0.0,1.0,0.0,0.0,0.0
652,1825.45,1826.1,18913.078125,18913.078125,5.4,5.8,39.0,0.0,0.39999999999999947,1.0,0.0,1.0,0.0,0.0
653,1826.1,1826.5166666666667,18913.078125,18926.000005,5.8,3.9,25.0,12.921880000001693,-1.9,0.0,1.0,0.0,0.0,0.0
654,1828.2166666666667,1828.3666666666666,18926.000005,18930.671875,54.1,52.5,9.0,4.671869999998307,-1.6000000000000014,0.0,1.0,0.0,0.0,0.0
655,1828.6,1828.8,18930.671875,18937.859375,52.5,51.3,12.0,7.1875,-1.2000000000000028,0.0,1.0,0.0,0.0,0.0
656,1828.8166666666666,1837.75,18937.859375,18937.859375,51.3,61.9,536.0,0.0,10.600000000000001,1.0,0.0,1.0,0.0,0.0
657,1837.75,1840.35,18937.859375,19069.187505,61.9,36.0,156.0,131.3281300000017,-25.9,0.0,1.0,0.0,0.0,0.0
658,1840.3666666666666,1840.8833333333334,19069.187505,19069.187505,36.0,67.0,31.0,0.0,31.0,1.0,0.0,0.0,0.0,1.0
659,1840.8833333333334,1841.7666666666667,19069.187505,19118.234375,67.0,57.6,53.0,49.04686999999831,-9.399999999999999,0.0,1.0,0.0,0.0,0.0
660,1841.7833333333333,1841.8333333333333,19118.234375,19119.625005,57.6,57.2,3.0,1.3906300000016927,-0.3999999999999986,0.0,1.0,0.0,0.0,0.0
661,1842.5833333333333,1842.8666666666666,19126.062505,19137.828125,56.4,53.7,17.0,11.765619999998307,-2.6999999999999957,0.0,1.0,0.0,0.0,0.0
662,1842.95,1843.9333333333334,19137.828125,19207.281255,53.7,40.3,59.0,69.45313000000169,-13.400000000000006,0.0,1.0,0.0,0.0,0.0
663,1844.05,1844.1,19207.281255,19207.640625,40.3,40.3,3.0,0.3593699999983073,0.0,0.0,1.0,0.0,0.0,0.0
664,1844.2833333333333,1845.1833333333334,19207.640625,19281.765625,40.0,24.7,54.0,74.125,-15.3,0.0,1.0,0.0,0.0,0.0
665,1845.7,1846.2666666666667,19281.765625,19313.265625,32.9,27.0,34.0,31.5,-5.899999999999999,0.0,1.0,0.0,0.0,0.0
666,1845.2,1845.7,19281.765625,19281.765625,24.7,32.9,30.0,0.0,8.2,1.0,0.0,0.0,0.0,1.0
667,1846.3333333333333,1846.6,19313.265625,19323.125005,26.6,25.4,16.0,9.859380000001693,-1.2000000000000028,0.0,1.0,0.0,0.0,0.0
668,1846.8166666666666,1847.8,19323.125005,19355.000005,25.4,19.2,59.0,31.875,-6.199999999999999,0.0,1.0,0.0,0.0,0.0
669,1847.8166666666666,1848.3166666666666,19355.000005,19355.000005,19.2,49.4,30.0,0.0,30.2,1.0,0.0,0.0,0.0,1.0
670,1848.3166666666666,1850.25,19355.000005,19418.703125,49.4,36.0,116.0,63.70311999999831,-13.399999999999999,0.0,1.0,0.0,0.0,0.0
671,1850.3666666666666,1850.7166666666667,19418.703125,19426.921875,36.0,34.5,21.0,8.21875,-1.5,0.0,1.0,0.0,0.0,0.0
672,1850.8166666666666,1851.0666666666666,19426.921875,19436.250005,34.5,33.3,15.0,9.328130000001693,-1.2000000000000028,0.0,1.0,0.0,0.0,0.0
673,1851.0666666666666,1853.1,19436.250005,19436.250005,33.3,49.8,122.0,0.0,16.5,1.0,0.0,0.0,1.0,0.0
674,1853.1,1853.3666666666666,19436.250005,19445.125005,49.8,48.6,16.0,8.875,-1.1999999999999957,0.0,1.0,0.0,0.0,0.0
675,1854.3333333333333,1854.55,19454.437505,19462.609375,46.6,45.4,13.0,8.171869999998307,-1.2000000000000028,0.0,1.0,0.0,0.0,0.0
676,1854.55,1861.8833333333334,19462.609375,19462.609375,45.4,54.5,440.0,0.0,9.100000000000001,1.0,0.0,1.0,0.0,0.0
677,1861.8833333333334,1862.8666666666666,19462.609375,19520.312505,54.5,43.9,59.0,57.70313000000169,-10.600000000000001,0.0,1.0,0.0,0.0,0.0
678,1863.0166666666667,1865.25,19520.312505,19621.593755,44.7,25.0,134.0,101.28125,-19.700000000000003,0.0,1.0,0.0,0.0,0.0
679,1862.8666666666666,1863.0166666666667,19520.312505,19520.312505,43.9,44.7,9.0,0.0,0.8000000000000043,1.0,0.0,0.0,1.0,0.0
680,1865.2666666666667,1865.7666666666667,19621.593755,19621.593755,25.0,57.2,30.0,0.0,32.2,1.0,0.0,0.0,0.0,1.0
681,1865.7666666666667,1866.2,19621.593755,19641.890625,57.2,53.7,26.0,20.296869999998307,-3.5,0.0,1.0,0.0,0.0,0.0
682,1866.4,1868.0333333333333,19641.890625,19736.140625,53.7,29.4,98.0,94.25,-24.300000000000004,0.0,1.0,0.0,0.0,0.0
683,1868.2333333333333,1869.75,19736.140625,19826.015625,29.0,19.2,91.0,89.875,-9.8,0.0,1.0,0.0,0.0,0.0
684,1870.05,1870.55,19826.015625,19841.890625,19.2,16.8,30.0,15.875,-2.3999999999999986,0.0,1.0,0.0,0.0,0.0
685,1870.55,1872.2666666666667,19841.890625,19841.890625,16.8,18.8,103.0,0.0,2.0,1.0,0.0,1.0,0.0,0.0
686,1872.2666666666667,1872.8666666666666,19841.890625,19862.687505,18.8,15.6,36.0,20.796880000001693,-3.200000000000001,0.0,1.0,0.0,0.0,0.0
687,1872.8833333333334,1873.3833333333334,19862.687505,19862.687505,15.6,44.7,30.0,0.0,29.1,1.0,0.0,0.0,0.0,1.0
688,1873.3833333333334,1874.4833333333333,19862.687505,19895.640625,44.7,38.0,66.0,32.95311999999831,-6.700000000000003,0.0,1.0,0.0,0.0,0.0
689,1874.5,1875.0333333333333,19895.640625,19895.640625,38.0,68.6,32.0,0.0,30.599999999999994,1.0,0.0,0.0,0.0,1.0
690,1875.0333333333333,1875.65,19895.640625,19916.140625,68.6,64.3,37.0,20.5,-4.299999999999997,0.0,1.0,0.0,0.0,0.0
691,1875.85,1876.35,19916.140625,19933.437505,64.3,60.7,30.0,17.296880000001693,-3.5999999999999943,0.0,1.0,0.0,0.0,0.0
692,1879.8,1879.8333333333333,19933.453125,19933.984375,57.6,57.2,2.0,0.53125,-0.3999999999999986,0.0,1.0,0.0,0.0,0.0
693,1879.8666666666666,1888.1166666666666,19933.984375,19933.984375,57.2,66.6,495.0,0.0,9.399999999999991,1.0,0.0,1.0,0.0,0.0
694,1888.1166666666666,1888.4166666666667,19933.984375,19945.578125,66.6,65.4,18.0,11.59375,-1.1999999999999886,0.0,1.0,0.0,0.0,0.0
695,1890.5833333333333,1890.8666666666666,19945.578125,19957.281255,65.0,63.1,17.0,11.703130000001693,-1.8999999999999986,0.0,1.0,0.0,0.0,0.0
696,1890.8833333333334,1891.4166666666667,19957.281255,19957.281255,63.1,63.5,32.0,0.0,0.3999999999999986,1.0,0.0,1.0,0.0,0.0
697,1891.4166666666667,1891.6166666666666,19957.281255,19964.359375,63.5,62.3,12.0,7.078119999998307,-1.2000000000000028,0.0,1.0,0.0,0.0,0.0
698,1892.0666666666666,1892.35,19969.140625,19979.343755,61.5,59.6,17.0,10.203130000001693,-1.8999999999999986,0.0,1.0,0.0,0.0,0.0
699,1892.3666666666666,1893.2166666666667,19979.343755,19979.343755,59.6,60.3,51.0,0.0,0.6999999999999957,1.0,0.0,1.0,0.0,0.0
700,1893.2166666666667,1894.15,19979.343755,20007.218755,60.3,56.0,56.0,27.875,-4.299999999999997,0.0,1.0,0.0,0.0,0.0
701,1894.1666666666667,1896.4,20007.218755,20007.218755,56.0,58.4,134.0,0.0,2.3999999999999986,1.0,0.0,1.0,0.0,0.0
702,1896.4,1896.75,20007.218755,20019.312505,58.4,56.8,21.0,12.09375,-1.6000000000000014,0.0,1.0,0.0,0.0,0.0
703,1897.0166666666667,1897.2333333333333,20021.859375,20030.687505,56.4,55.6,13.0,8.828130000001693,-0.7999999999999972,0.0,1.0,0.0,0.0,0.0
704,1897.4333333333334,1897.7333333333333,20030.687505,20041.171875,55.2,53.7,18.0,10.484369999998307,-1.5,0.0,1.0,0.0,0.0,0.0
705,1900.0833333333333,1900.3666666666666,20041.171875,20054.562505,51.7,50.1,17.0,13.390630000001693,-1.6000000000000014,0.0,1.0,0.0,0.0,0.0
706,1900.7333333333333,1900.8166666666666,20054.562505,20057.765625,49.8,49.4,5.0,3.2031199999983073,-0.3999999999999986,0.0,1.0,0.0,0.0,0.0
707,1901.1833333333334,1901.4166666666667,20057.765625,20069.281255,49.0,47.0,14.0,11.515630000001693,-2.0,0.0,1.0,0.0,0.0,0.0
708,1901.6833333333334,1912.1666666666667,20069.296875,20069.296875,47.0,59.6,629.0,0.0,12.600000000000001,1.0,0.0,1.0,0.0,0.0
709,1912.1666666666667,1912.7333333333333,20069.296875,20083.281255,59.6,58.0,34.0,13.984380000001693,-1.6000000000000014,0.0,1.0,0.0,0.0,0.0
710,1912.7333333333333,1913.5166666666667,20083.281255,20089.406255,58.0,56.8,47.0,6.125,-1.2000000000000028,0.0,1.0,0.0,0.0,0.0
711,1913.7166666666667,1913.9833333333333,20089.406255,20100.734375,56.4,55.2,16.0,11.328119999998307,-1.1999999999999957,0.0,1.0,0.0,0.0,0.0
712,1914.0,1914.1166666666666,20100.734375,20103.250005,55.2,54.1,7.0,2.5156300000016927,-1.1000000000000014,0.0,1.0,0.0,0.0,0.0
713,1914.5166666666667,1914.5166666666667,20111.609375,20111.796875,52.9,52.9,0.0,0.1875,0.0,0.0,1.0,0.0,0.0,0.0
714,1914.75,1915.2,20111.796875,20126.937505,52.9,49.8,27.0,15.140630000001693,-3.1000000000000014,0.0,1.0,0.0,0.0,0.0
715,1915.35,1916.0666666666666,20126.937505,20152.796875,49.8,45.8,43.0,25.859369999998307,-4.0,0.0,1.0,0.0,0.0,0.0
716,1916.0833333333333,1917.95,20152.796875,20152.796875,45.8,47.4,112.0,0.0,1.6000000000000014,1.0,0.0,1.0,0.0,0.0
717,1917.95,1921.5166666666667,20152.796875,20269.421875,47.4,28.2,214.0,116.625,-19.2,0.0,1.0,0.0,0.0,0.0
718,1921.5333333333333,1921.7833333333333,20269.421875,20269.421875,28.2,44.7,15.0,0.0,16.500000000000004,1.0,0.0,0.0,0.0,1.0
719,1921.7833333333333,1922.65,20269.421875,20308.812505,44.7,37.2,52.0,39.39063000000169,-7.5,0.0,1.0,0.0,0.0,0.0
720,1941.2833333333333,1941.8,20417.578125,20417.578125,34.5,65.8,31.0,0.0,31.299999999999997,1.0,0.0,0.0,0.0,1.0
721,1941.8,1943.0333333333333,20417.578125,20454.015625,65.8,59.6,74.0,36.4375,-6.199999999999996,0.0,1.0,0.0,0.0,0.0
722,1943.2166666666667,1945.1333333333334,20454.015625,20558.312505,59.6,38.0,115.0,104.29688000000169,-21.6,0.0,1.0,0.0,0.0,0.0
723,1945.2833333333333,1945.9333333333334,20558.312505,20600.046875,37.6,29.4,39.0,41.73436999999831,-8.200000000000003,0.0,1.0,0.0,0.0,0.0
724,1946.1,1947.0166666666667,20600.046875,20674.250005,29.0,14.1,55.0,74.20313000000169,-14.9,0.0,1.0,0.0,0.0,0.0
725,1947.0333333333333,1947.5333333333333,20674.250005,20674.250005,14.1,43.1,30.0,0.0,29.0,1.0,0.0,0.0,0.0,1.0
726,1947.5333333333333,1947.8666666666666,20674.250005,20692.593755,43.1,40.3,20.0,18.34375,-2.8000000000000043,0.0,1.0,0.0,0.0,0.0
727,1947.8833333333334,1947.9833333333333,20692.593755,20695.109375,40.3,40.0,6.0,2.5156199999983073,-0.29999999999999716,0.0,1.0,0.0,0.0,0.0
728,1949.4,1949.6333333333334,20708.515625,20708.515625,37.6,37.6,14.0,0.0,0.0,0.0,1.0,0.0,0.0,0.0
729,1949.6833333333334,1949.7833333333333,20708.515625,20711.718755,37.6,37.2,6.0,3.2031300000016927,-0.3999999999999986,0.0,1.0,0.0,0.0,0.0
730,1950.8,1951.0333333333333,20711.734375,20723.250005,34.9,32.1,14.0,11.515630000001693,-2.799999999999997,0.0,1.0,0.0,0.0,0.0
731,1951.05,1960.3833333333334,20723.250005,20723.250005,32.1,43.9,560.0,0.0,11.799999999999997,1.0,0.0,1.0,0.0,0.0
732,1960.3833333333334,1960.5,20723.250005,20725.765625,43.9,44.3,7.0,2.5156199999983073,0.3999999999999986,0.0,1.0,0.0,0.0,0.0
733,1960.5166666666667,1960.8666666666666,20725.765625,20744.812505,44.3,40.7,21.0,19.046880000001693,-3.5999999999999943,0.0,1.0,0.0,0.0,0.0
734,1960.8833333333334,1961.4166666666667,20744.812505,20744.812505,40.7,71.7,32.0,0.0,31.0,1.0,0.0,0.0,0.0,1.0
735,1961.4166666666667,1963.1,20744.812505,20851.734375,71.7,47.8,101.0,106.92186999999831,-23.900000000000006,0.0,1.0,0.0,0.0,0.0
736,1963.2333333333333,1965.55,20851.734375,20967.593755,47.4,22.7,139.0,115.85938000000169,-24.7,0.0,1.0,0.0,0.0,0.0
737,1965.5666666666666,1966.1,20967.593755,20967.593755,22.7,54.1,32.0,0.0,31.400000000000002,1.0,0.0,0.0,0.0,1.0
738,1966.1,1968.7666666666667,20967.593755,21062.531255,54.1,35.2,160.0,94.9375,-18.9,0.0,1.0,0.0,0.0,0.0
739,1969.35,1971.9333333333334,21062.531255,21146.046875,64.7,47.8,155.0,83.51561999999831,-16.900000000000006,0.0,1.0,0.0,0.0,0.0
740,1972.4166666666667,1973.25,21146.046875,21176.046875,47.4,41.9,50.0,30.0,-5.5,0.0,1.0,0.0,0.0,0.0
741,1973.25,1974.4166666666667,21176.046875,21176.375005,41.9,39.2,70.0,0.3281300000016927,-2.6999999999999957,0.0,1.0,0.0,0.0,0.0
742,1974.4166666666667,1985.8,21176.375005,21176.375005,39.2,52.1,683.0,0.0,12.899999999999999,1.0,0.0,1.0,0.0,0.0
743,1985.8,1986.5,21176.375005,21209.968755,52.1,47.0,42.0,33.59375,-5.100000000000001,0.0,1.0,0.0,0.0,0.0
744,1986.5833333333333,1987.1666666666667,21209.968755,21243.109375,47.0,40.7,35.0,33.14061999999831,-6.299999999999997,0.0,1.0,0.0,0.0,0.0
745,1987.4166666666667,1990.6,21243.109375,21395.015625,40.7,13.3,191.0,151.90625,-27.400000000000002,0.0,1.0,0.0,0.0,0.0
746,1990.6166666666666,1991.1166666666666,21395.015625,21395.015625,13.3,44.7,30.0,0.0,31.400000000000002,1.0,0.0,0.0,0.0,1.0
747,1991.1166666666666,1993.0833333333333,21395.015625,21454.546875,44.7,32.9,118.0,59.53125,-11.800000000000004,0.0,1.0,0.0,0.0,0.0
748,1993.1,1993.6333333333334,21454.546875,21454.546875,32.9,62.3,32.0,0.0,29.4,1.0,0.0,0.0,0.0,1.0
749,1993.6333333333334,1995.3,21454.546875,21525.625005,62.3,47.4,100.0,71.07813000000169,-14.899999999999999,0.0,1.0,0.0,0.0,0.0
750,1995.8333333333333,1996.4,21525.625005,21550.687505,76.0,71.7,34.0,25.0625,-4.299999999999997,0.0,1.0,0.0,0.0,0.0
751,1995.3333333333333,1995.8333333333333,21525.625005,21525.625005,47.4,76.0,30.0,0.0,28.6,1.0,0.0,0.0,0.0,1.0
752,1996.4333333333334,2011.5833333333333,21550.687505,21550.687505,71.7,89.8,909.0,0.0,18.099999999999994,1.0,0.0,1.0,0.0,0.0
753,2011.5833333333333,2015.0166666666667,21550.687505,21663.062505,89.8,68.2,206.0,112.375,-21.599999999999994,0.0,1.0,0.0,0.0,0.0
754,2015.05,2016.25,21663.062505,21663.062505,68.2,69.0,72.0,0.0,0.7999999999999972,1.0,0.0,1.0,0.0,0.0
755,2016.25,2018.5666666666666,21663.062505,21732.375005,69.0,52.9,139.0,69.3125,-16.1,0.0,1.0,0.0,0.0,0.0
756,2018.75,2021.2333333333333,21732.375005,21818.937505,52.9,36.0,149.0,86.5625,-16.9,0.0,1.0,0.0,0.0,0.0
757,2021.2666666666667,2021.7666666666667,21818.937505,21818.937505,36.0,66.6,30.0,0.0,30.599999999999994,1.0,0.0,0.0,0.0,1.0
758,2021.7666666666667,2025.6,21818.937505,21998.109375,66.6,31.3,230.0,179.1718699999983,-35.3,0.0,1.0,0.0,0.0,0.0
759,2036.5666666666666,2036.6,22000.656255,22001.031255,44.7,44.7,2.0,0.375,0.0,0.0,1.0,0.0,0.0,0.0
760,2036.6666666666667,2039.2,22001.031255,22108.718755,44.3,24.3,152.0,107.6875,-19.999999999999996,0.0,1.0,0.0,0.0,0.0
761,2039.2166666666667,2039.7333333333333,22108.718755,22108.718755,24.3,55.6,31.0,0.0,31.3,1.0,0.0,0.0,0.0,1.0
762,2039.7333333333333,2045.1166666666666,22108.718755,22314.312505,55.6,16.4,323.0,205.59375,-39.2,0.0,1.0,0.0,0.0,0.0
763,2045.1333333333334,2045.95,22314.312505,22338.125005,16.4,12.1,49.0,23.8125,-4.299999999999999,0.0,1.0,0.0,0.0,0.0
764,2045.9666666666667,2056.3,22338.125005,22338.125005,12.1,24.7,620.0,0.0,12.6,1.0,0.0,1.0,0.0,0.0
